year,round,seed1,team1,score1,seed2,team2,score2 
2017,1,5,Notre Dame,60,12,Princeton,58
2017,1,4,West Virginia,86,13,Bucknell,80
2017,1,5,Virginia,76,12,UNC Wilmington,71
2017,1,4,Florida,80,13,East Tennessee State,65
2017,1,1,Gonzaga,66,16,South Dakota State,46
2017,1,8,Northwestern,68,9,Vanderbilt,66
2017,1,7,St. Mary's (Cal.),85,10,Virginia Commonwealth,77
2017,1,2,Arizona,100,15,North Dakota,82
2017,1,5,Iowa State,84,12,Nevada,73
2017,1,4,Purdue,80,13,Vermont,70
2017,1,5,Minnesota,72,12,Middle Tennessee State,81
2017,1,4,Butler,76,13,Winthrop,64
2017,1,1,Villanova,76,16,Mount St. Mary's,56
2017,1,8,Wisconsin,84,9,Virginia Tech,74
2017,1,6,Maryland,65,11,Xavier,76
2017,1,3,Florida State,86,14,Florida Gulf Coast,80
2017,1,6,Southern Methodist,65,11,Southern California,66
2017,1,3,Baylor,91,14,New Mexico State,73
2017,1,1,Kansas,100,16,UC Davis,62
2017,1,8,Miami (Fla.),58,9,Michigan State,78
2017,1,7,South Carolina,93,10,Marquette,73
2017,1,2,Duke,87,15,Troy,65
2017,1,1,North Carolina,103,16,Texas Southern,64
2017,1,8,Arkansas,77,9,Seton Hall,71
2017,1,6,Creighton,72,11,Rhode Island,84
2017,1,3,Oregon,93,14,Iona,77
2017,1,6,Cincinnati,75,11,Kansas State,61
2017,1,3,UCLA,97,14,Kent State,80
2017,1,7,Michigan,92,10,Oklahoma State,91
2017,1,2,Louisville,78,15,Jacksonville State,63
2017,1,7,Dayton,58,10,Wichita State,64
2017,1,2,Kentucky,79,15,Northern Kentucky,70
2016,1,2,Villanova,86,15,UNC Asheville,56
2016,1,7,Iowa,72,10,Temple,70
2016,1,3,Miami (Fla.),79,14,Buffalo,72
2016,1,4,California,66,13,Hawaii,77
2016,1,5,Maryland,79,12,South Dakota State,74
2016,1,8,Colorado,67,9,Connecticut,74
2016,1,1,Kansas,105,16,Austin Peay,79
2016,1,2,Oklahoma,82,15,Cal State Bakersfied,68
2016,1,7,Oregon State,67,10,Virginia Commonwealth,75
2016,1,3,Texas A&M,92,14,Green Bay,65
2016,1,6,Texas,72,11,Northern Iowa,75
2016,1,4,Duke,93,13,UNC Wilmington,85
2016,1,12,Yale,79,5,Baylor,75
2016,1,8,St. Joseph's,78,9,Cincinnati,76
2016,1,2,Xavier,71,15,Weber State,53
2016,1,10,Pittsburgh,43,7,Wisconsin,47
2016,1,3,West Virginia,56,14,Stephen F. Austin,70
2016,1,4,Kentucky,85,13,Stony Brook,57
2016,1,5,Indiana,99,12,Chattanooga,74
2016,1,8,Southern California,69,9,Providence,70
2016,1,1,North Carolina,83,16,Florida Gulf Coast,67
2016,1,1,Virginia,81,16,Hampton,45
2016,1,8,Texas Tech,61,9,Butler,71
2016,1,5,Purdue,83,12,Arkansas-Little Rock,85
2016,1,4,Iowa State,94,13,Iona,81
2016,1,6,Seton Hall,52,11,Gonzaga,68
2016,1,3,Utah,80,14,Fresno State,69
2016,1,7,Dayton,51,10,Syracuse,70
2016,1,2,Michigan State,81,15,Middle Tennessee State,90
2016,1,6,Arizona,55,11,Wichita State,65
2016,1,1,Oregon,91,16,Holy Cross,52
2016,1,6,Notre Dame,70,11,Michigan,63
2015,1,8,Cincinnati,66,9,Purdue,65
2015,1,12,Buffalo,62,5,West Virginia,68
2015,1,4,Maryland,65,13,Valparaiso,62
2015,1,6,Butler,56,11,Texas,48
2015,1,3,Notre Dame,69,14,Northeastern,65
2015,1,7,Wichita State,81,10,Indiana,76
2015,1,2,Kansas,75,15,New Mexico State,56
2015,1,1,Villanova,93,16,Lafayette,52
2015,1,8,North Carolina State,66,9,LSU,65
2015,1,5,Northern Iowa,71,12,Wyoming,54
2015,1,4,Louisville,57,13,UC Irvine,55
2015,1,3,Oklahoma,69,14,Albany (N.Y.),60
2015,1,7,Michigan State,70,10,Georgia,63
2015,1,2,Virginia,79,15,Belmont,67
2015,1,1,Wisconsin,86,16,Coastal Carolina,72
2015,1,8,Oregon,79,9,Oklahoma State,73
2015,1,4,North Carolina,67,13,Harvard,65
2015,1,3,Baylor,56,14,Georgia State,57
2015,1,7,Virginia Commonwealth,72,10,Ohio State,75
2015,1,2,Arizona,93,15,Texas Southern,72
2015,1,8,San Diego State,76,9,St. John's,64
2015,1,5,Utah,57,12,Stephen F. Austin,50
2015,1,4,Georgetown,84,13,Eastern Washington,74
2015,1,6,Southern Methodist,59,11,UCLA,60
2015,1,3,Iowa State,59,14,Alabama-Birmingham,60
2015,1,7,Iowa,83,10,Davidson,52
2015,1,2,Gonzaga,86,15,North Dakota State,76
2015,1,1,Kentucky,79,16,Hampton,56
2015,1,6,Xavier,76,11,Mississippi,57
2015,1,6,Providence,53,11,Dayton,66
2015,1,1,Duke,85,16,Robert Morris,56
2015,1,5,Arkansas,56,12,Wofford,53
2014,1,1,Florida,67,16,Albany (N.Y.),55
2014,1,8,Gonzaga,85,9,Oklahoma State,77
2014,1,8,Colorado,48,9,Pittsburgh,77
2014,1,5,Oklahoma,75,12,North Dakota State,80
2014,1,5,Virginia Commonwealth,75,12,Stephen F. Austin,77
2014,1,4,San Diego State,73,13,New Mexico State,69
2014,1,4,UCLA,76,13,Tulsa,59
2014,1,6,Baylor,74,11,Nebraska,60
2014,1,6,Ohio State,59,11,Dayton,60
2014,1,3,Creighton,76,14,Louisiana-Lafayette,66
2014,1,3,Syracuse,77,14,Western Michigan,53
2014,1,7,Oregon,87,10,Brigham Young,68
2014,1,7,New Mexico,53,10,Stanford,58
2014,1,2,Kansas,80,15,Eastern Kentucky,69
2014,1,2,Wisconsin,75,15,American,35
2014,1,1,Virginia,70,16,Coastal Carolina,59
2014,1,8,Memphis,71,9,George Washington,66
2014,1,5,Cincinnati,57,12,Harvard,61
2014,1,4,Michigan State,93,13,Delaware,78
2014,1,6,North Carolina,79,11,Providence,77
2014,1,1,Wichita State,64,16,Cal-Poly,37
2014,1,8,Kentucky,56,9,Kansas State,49
2014,1,3,Iowa State,93,14,North Carolina Central,75
2014,1,5,St. Louis,83,12,North Carolina State,80
2014,1,7,Connecticut,89,10,St. Joseph's,81
2014,1,2,Villanova,73,15,Milwaukee,53
2014,1,4,Louisville,71,13,Manhattan,64
2014,1,6,Massachusetts,67,11,Tennessee,86
2014,1,3,Duke,71,14,Mercer,78
2014,1,7,Texas,87,10,Arizona State,85
2014,1,2,Michigan,57,15,Wofford,40
2014,1,1,Arizona,68,16,Weber State,59
2013,1,1,Louisville,79,16,North Carolina A&T,48
2013,1,8,Colorado State,84,9,Missouri,72
2013,1,5,Oklahoma State,55,12,Oregon,68
2013,1,4,St. Louis,64,13,New Mexico State,44
2013,1,6,Memphis,54,11,St. Mary's (Cal.),52
2013,1,3,Michigan State,65,14,Valparaiso,54
2013,1,1,Kansas,64,16,Western Kentucky,57
2013,1,7,Creighton,67,10,Cincinnati,63
2013,1,2,Duke,73,15,Albany (N.Y.),61
2013,1,8,North Carolina,78,9,Villanova,71
2013,1,5,Virginia Commonwealth,88,12,Akron,42
2013,1,4,Michigan,71,13,South Dakota State,56
2013,1,6,UCLA,63,11,Minnesota,83
2013,1,3,Florida,79,14,Northwestern State,47
2013,1,7,San Diego State,70,10,Oklahoma,55
2013,1,2,Georgetown,68,15,Florida Gulf Coast,78
2013,1,1,Gonzaga,64,16,Southern,58
2013,1,1,Indiana,83,16,James Madison,62
2013,1,8,Pittsburgh,55,9,Wichita State,73
2013,1,8,North Carolina State,72,9,Temple,76
2013,1,5,Wisconsin,46,12,Mississippi,57
2013,1,5,UNLV,61,12,California,64
2013,1,4,Kansas State,61,13,La Salle,63
2013,1,4,Syracuse,81,13,Montana,34
2013,1,6,Butler,68,11,Bucknell,56
2013,1,3,Marquette,59,14,Davidson,58
2013,1,7,Illinois,57,10,Colorado,49
2013,1,6,Arizona,81,11,Belmont,64
2013,1,2,Miami (Fla.),78,15,Pacific,49
2013,1,3,New Mexico,62,14,Harvard,68
2013,1,7,Notre Dame,58,10,Iowa State,76
2013,1,2,Ohio State,95,15,Iona,70
2012,1,6,Cincinnati,65,11,Texas,59
2012,1,8,Creighton,58,9,Alabama,57
2012,1,6,San Diego State,65,11,North Carolina State,79
2012,1,7,Florida,71,10,Virginia,45
2012,1,3,Florida State,66,14,St. Bonaventure,63
2012,1,3,Georgetown,74,14,Belmont,59
2012,1,1,North Carolina,77,16,Vermont,58
2012,1,2,Missouri,84,15,Norfolk State,86
2012,1,4,Michigan,60,13,Ohio,65
2012,1,7,St. Mary's (Cal.),69,10,Purdue,72
2012,1,2,Duke,70,15,Lehigh,75
2012,1,1,Michigan State,89,16,Long Island,67
2012,1,7,Notre Dame,63,10,Xavier,67
2012,1,2,Kansas,65,15,Detroit,50
2012,1,5,Temple,44,12,South Florida,58
2012,1,8,Memphis,54,9,St. Louis,61
2012,1,6,Murray St.,58,11,Colorado State,41
2012,1,4,Louisville,69,13,Davidson,62
2012,1,8,Kansas State,70,9,Southern Mississippi,64
2012,1,4,Wisconsin,73,13,Montana,49
2012,1,3,Marquette,88,14,Brigham Young,68
2012,1,1,Syracuse,72,16,UNC Asheville,65
2012,1,5,New Mexico,75,12,Long Beach State,68
2012,1,5,Vanderbilt,79,12,Harvard,70
2012,1,1,Kentucky,81,16,Western Kentucky,66
2012,1,5,Wichita State,59,12,Virginia Commonwealth,62
2012,1,7,Gonzaga,77,10,West Virginia,54
2012,1,2,Ohio State,78,15,Loyola (Md.),59
2012,1,8,Iowa State,77,9,Connecticut,64
2012,1,4,Indiana,79,13,New Mexico State,66
2012,1,6,UNLV,64,11,Colorado,68
2012,1,3,Baylor,68,14,South Dakota State,60
2011,1,4,Texas,85,13,Oakland,81
2011,1,2,Notre Dame,69,15,Akron,56
2011,1,1,Duke,87,16,Hampton,45
2011,1,5,Arizona,77,12,Memphis,75
2011,1,7,Texas A&M,50,10,Florida State,57
2011,1,8,George Mason,61,9,Villanova,57
2011,1,8,Michigan,75,9,Tennessee,45
2011,1,3,Purdue,65,14,St. Peter's,43
2011,1,2,North Carolina,102,15,Long Island,87
2011,1,6,Xavier,55,11,Marquette,66
2011,1,1,Kansas,72,16,Boston University,53
2011,1,8,UNLV,62,9,Illinois,73
2011,1,3,Syracuse,77,14,Indiana State,60
2011,1,1,Ohio State,75,16,Texas-San Antonio,46
2011,1,7,Washington,68,10,Georgia,65
2011,1,6,Georgetown,56,11,Virginia Commonwealth,74
2011,1,5,West Virginia,84,12,Clemson,76
2011,1,4,Louisville,61,13,Morehead State,62
2011,1,4,Kentucky,59,13,Princeton,57
2011,1,7,Temple,66,10,Penn State,64
2011,1,5,Vanderbilt,66,12,Richmond,69
2011,1,2,San Diego State,68,15,Northern Colorado,50
2011,1,6,St. John's,71,11,Gonzaga,86
2011,1,5,Kansas State,73,12,Utah State,68
2011,1,4,Wisconsin,72,13,Belmont,58
2011,1,3,Brigham Young,74,14,Wofford,66
2011,1,2,Florida,79,15,UC Santa Barbara,51
2011,1,7,UCLA,78,10,Michigan State,76
2011,1,8,Butler,60,9,Old Dominion,58
2011,1,1,Pittsburgh,74,16,UNC Asheville,51
2011,1,3,Connecticut,81,14,Bucknell,52
2011,1,6,Cincinnati,78,11,Missouri,63
2010,1,5,Michigan State,70,12,New Mexico State,67
2010,1,4,Maryland,89,13,Houston,77
2010,1,1,Syracuse,79,16,Vermont,56
2010,1,2,Ohio State,68,15,UC Santa Barbara,51
2010,1,7,Clemson,78,10,Missouri,86
2010,1,4,Purdue,72,13,Siena,64
2010,1,7,Oklahoma State,59,10,Georgia Tech,64
2010,1,8,Gonzaga,67,9,Florida State,60
2010,1,4,Wisconsin,53,13,Wofford,49
2010,1,5,Texas A&M,69,12,Utah State,53
2010,1,5,Temple,65,12,Cornell,78
2010,1,8,California,77,9,Louisville,62
2010,1,3,Pittsburgh,89,14,Oakland,66
2010,1,1,Duke,73,16,Arkansas-Pine Bluff,44
2010,1,6,Xavier,65,11,Minnesota,54
2010,1,2,West Virginia,77,15,Morgan State,50
2010,1,2,Kansas State,82,15,North Texas,62
2010,1,4,Vanderbilt,65,13,Murray St.,66
2010,1,7,Brigham Young,99,10,Florida,92
2010,1,5,Butler,77,12,UTEP,59
2010,1,3,New Mexico,62,14,Montana,57
2010,1,1,Kentucky,100,16,East Tennessee State,71
2010,1,8,Texas,80,9,Wake Forest,81
2010,1,6,Notre Dame,50,11,Old Dominion,51
2010,1,3,Baylor,68,14,Sam Houston State,59
2010,1,7,Richmond,71,10,St. Mary's (Cal.),80
2010,1,2,Villanova,73,15,Robert Morris,70
2010,1,6,Marquette,78,11,Washington,80
2010,1,1,Kansas,90,16,Lehigh,74
2010,1,8,UNLV,66,9,Northern Iowa,69
2010,1,3,Georgetown,83,14,Ohio,97
2010,1,6,Tennessee,62,11,San Diego State,59
2009,1,5,Florida State,59,12,Wisconsin,61
2009,1,6,West Virginia,60,11,Dayton,68
2009,1,4,Wake Forest,69,13,Cleveland State,84
2009,1,7,Boston College,55,10,Southern California,72
2009,1,3,Missouri,78,14,Cornell,59
2009,1,3,Syracuse,59,14,Stephen F. Austin,44
2009,1,6,Arizona State,66,11,Temple,57
2009,1,4,Xavier,77,13,Portland State,59
2009,1,3,Kansas,84,14,North Dakota State,74
2009,1,1,Louisville,74,16,Morehead State,54
2009,1,6,Marquette,58,11,Utah State,57
2009,1,8,Ohio State,72,9,Siena,74
2009,1,5,Utah,71,12,Arizona,84
2009,1,1,Pittsburgh,72,16,East Tennessee State,62
2009,1,8,Oklahoma State,77,9,Tennessee,75
2009,1,2,Michigan State,77,15,Robert Morris,62
2009,1,5,Illinois,72,12,Western Kentucky,76
2009,1,2,Oklahoma,82,15,Morgan State,54
2009,1,4,Gonzaga,77,13,Akron,64
2009,1,8,LSU,75,9,Butler,71
2009,1,1,North Carolina,101,16,Radford,58
2009,1,7,Clemson,59,10,Michigan,62
2009,1,2,Duke,86,15,Binghamton,62
2009,1,7,Texas,76,10,Minnesota,62
2009,1,6,UCLA,65,11,Virginia Commonwealth,64
2009,1,2,Memphis,81,15,Cal State Northridge,70
2009,1,7,California,71,10,Maryland,84
2009,1,4,Washington,71,13,Mississippi State,58
2009,1,5,Purdue,61,12,Northern Iowa,56
2009,1,8,Brigham Young,66,9,Texas A&M,79
2009,1,1,Connecticut,103,16,Chattanooga,47
2009,1,3,Villanova,80,14,American,67
2008,1,1,Memphis,87,16,Texas-Arlington,63
2008,1,2,Tennessee,72,15,American,57
2008,1,2,Texas,74,15,Austin Peay,54
2008,1,2,Georgetown,66,15,Maryland-Baltimore County,47
2008,1,3,Louisville,79,14,Boise State,61
2008,1,1,North Carolina,113,16,Mount St. Mary's,74
2008,1,4,Vanderbilt,62,13,Siena,83
2008,1,4,Connecticut,69,13,San Diego,70
2008,1,6,Oklahoma,72,11,St. Joseph's,64
2008,1,8,Mississippi State,76,9,Oregon,69
2008,1,8,Indiana,72,9,Arkansas,86
2008,1,7,Gonzaga,76,10,Davidson,82
2008,1,7,Butler,81,10,South Alabama,61
2008,1,5,Drake,99,12,Western Kentucky,101
2008,1,5,Clemson,69,12,Villanova,75
2008,1,7,Miami (Fla.),78,10,St. Mary's (Cal.),64
2008,1,3,Stanford,77,14,Cornell,53
2008,1,3,Wisconsin,71,14,Cal State Fullerton,56
2008,1,8,Brigham Young,62,9,Texas A&M,67
2008,1,7,West Virginia,75,10,Arizona,65
2008,1,4,Washington State,71,13,Winthrop,40
2008,1,3,Xavier,73,14,Georgia,61
2008,1,4,Pittsburgh,82,13,Oral Roberts,63
2008,1,2,Duke,71,15,Belmont,70
2008,1,1,Kansas,85,16,Portland State,61
2008,1,5,Michigan State,72,12,Temple,61
2008,1,5,Notre Dame,68,12,George Mason,50
2008,1,1,UCLA,70,16,Mississippi Valley State,29
2008,1,8,UNLV,71,9,Kent State,58
2008,1,6,Marquette,74,11,Kentucky,66
2008,1,6,Purdue,90,11,Baylor,79
2008,1,6,Southern California,67,11,Kansas State,80
2007,1,1,Florida,112,16,Jackson State,69
2007,1,5,Tennessee,121,12,Long Beach State,86
2007,1,4,Texas,79,13,New Mexico State,67
2007,1,4,Virginia,84,13,Albany (N.Y.),57
2007,1,7,Nevada,77,10,Creighton,71
2007,1,2,Memphis,73,15,North Texas,58
2007,1,3,Oregon,58,14,Miami (Ohio),56
2007,1,7,UNLV,67,10,Georgia Tech,63
2007,1,2,Wisconsin,76,15,Texas A&M-Corpus Christi,63
2007,1,8,Arizona,63,9,Purdue,72
2007,1,6,Notre Dame,64,11,Winthrop,74
2007,1,1,Kansas,107,16,Niagara,67
2007,1,8,Kentucky,67,9,Villanova,58
2007,1,5,Virginia Tech,54,12,Illinois,52
2007,1,5,Southern California,77,12,Arkansas,60
2007,1,4,Southern Illinois,61,13,Holy Cross,51
2007,1,2,UCLA,70,15,Weber State,42
2007,1,3,Texas A&M,68,14,Penn,52
2007,1,3,Pittsburgh,79,14,Wright State,58
2007,1,6,Vanderbilt,77,11,George Washington,44
2007,1,1,North Carolina,86,16,Eastern Kentucky,65
2007,1,2,Georgetown,80,15,Belmont,55
2007,1,6,Duke,77,11,Virginia Commonwealth,79
2007,1,8,Brigham Young,77,9,Xavier,79
2007,1,4,Maryland,82,13,Davidson,70
2007,1,5,Butler,57,12,Old Dominion,46
2007,1,3,Washington State,70,14,Oral Roberts,54
2007,1,8,Marquette,49,9,Michigan State,61
2007,1,7,Boston College,84,10,Texas Tech,75
2007,1,1,Ohio State,78,16,Central Connecticut State,57
2007,1,7,Indiana,70,10,Gonzaga,57
2007,1,6,Louisville,78,11,Stanford,58
2006,1,3,Iowa,63,14,Northwestern State,64
2006,1,1,Connecticut,72,16,Albany (N.Y.),59
2006,1,7,Georgetown,54,10,Northern Iowa,49
2006,1,2,Ohio State,70,15,Davidson,62
2006,1,8,Arkansas,55,9,Bucknell,59
2006,1,1,Memphis,94,16,Oral Roberts,78
2006,1,2,Texas,60,15,Penn,52
2006,1,6,West Virginia,64,11,Southern Illinois,46
2006,1,8,Kentucky,72,9,Alabama-Birmingham,59
2006,1,6,Michigan State,65,11,George Mason,75
2006,1,3,North Carolina,69,14,Murray St.,65
2006,1,4,Kansas,73,13,Bradley,77
2006,1,5,Pittsburgh,79,12,Kent State,64
2006,1,1,Villanova,58,16,Monmouth,45
2006,1,8,Arizona,94,9,Wisconsin,75
2006,1,7,California,52,10,North Carolina State,58
2006,1,4,LSU,80,13,Iona,64
2006,1,2,UCLA,78,15,Belmont,44
2006,1,7,Marquette,85,10,Alabama,90
2006,1,4,Illinois,78,13,Air Force,69
2006,1,5,Nevada,79,12,Montana,87
2006,1,3,Gonzaga,79,14,Xavier,75
2006,1,5,Syracuse,58,12,Texas A&M,66
2006,1,8,George Washington,88,9,UNC Wilmington,85
2006,1,1,Duke,70,16,Southern,54
2006,1,5,Washington,75,12,Utah State,61
2006,1,7,Wichita State,86,10,Seton Hall,66
2006,1,2,Tennessee,63,15,Winthrop,61
2006,1,4,Boston College,88,13,Pacific,76
2006,1,6,Oklahoma,74,11,Milwaukee,82
2006,1,3,Florida,76,14,South Alabama,50
2006,1,6,Indiana,87,11,San Diego State,83
2005,1,7,Southern Illinois,65,10,St. Mary's (Cal.),56
2005,1,5,Michigan State,89,12,Old Dominion,81
2005,1,8,Stanford,70,9,Mississippi State,93
2005,1,1,Duke,57,16,Delaware State,46
2005,1,2,Connecticut,77,15,Central Florida,71
2005,1,7,Charlotte,63,10,North Carolina State,75
2005,1,3,Kansas,63,14,Bucknell,64
2005,1,4,Syracuse,57,13,Vermont,60
2005,1,1,North Carolina,96,16,Oakland,68
2005,1,2,Wake Forest,70,15,Chattanooga,54
2005,1,4,Louisville,68,13,Louisiana-Lafayette,62
2005,1,6,Wisconsin,57,11,Northern Iowa,52
2005,1,5,Georgia Tech,80,12,George Washington,68
2005,1,4,Florida,67,13,Ohio,62
2005,1,5,Villanova,55,12,New Mexico,47
2005,1,2,Oklahoma State,63,15,Southeastern Louisiana,50
2005,1,8,Minnesota,53,9,Iowa State,64
2005,1,8,Pacific,79,9,Pittsburgh,71
2005,1,8,Texas,57,9,Nevada,61
2005,1,6,Utah,60,11,UTEP,54
2005,1,1,Illinois,67,16,Fairleigh Dickinson,55
2005,1,6,Texas Tech,78,11,UCLA,66
2005,1,4,Boston College,85,13,Penn,65
2005,1,3,Gonzaga,74,14,Winthrop,64
2005,1,7,West Virginia,63,10,Creighton,61
2005,1,5,Alabama,73,12,Milwaukee,83
2005,1,1,Washington,88,16,Montana,77
2005,1,2,Kentucky,72,15,Eastern Kentucky,64
2005,1,6,LSU,68,11,Alabama-Birmingham,82
2005,1,3,Arizona,66,14,Utah State,53
2005,1,7,Cincinnati,76,10,Iowa,64
2005,1,3,Oklahoma,84,14,Niagara,67
2004,1,6,Vanderbilt,71,11,Western Michigan,58
2004,1,1,Kentucky,96,16,Florida A&M,76
2004,1,2,Mississippi State,80,15,Monmouth,70
2004,1,6,Wisconsin,76,11,Richmond,64
2004,1,5,Illinois,72,12,Murray St.,53
2004,1,6,Boston College,58,11,Utah,51
2004,1,4,Kansas,78,13,Illinois-Chicago,53
2004,1,2,Oklahoma State,75,15,Eastern Washington,56
2004,1,5,Providence,58,12,Pacific,66
2004,1,8,Washington,100,9,Alabama-Birmingham,102
2004,1,3,Texas,80,14,Princeton,70
2004,1,4,Cincinnati,80,13,East Tennessee State,77
2004,1,7,Xavier,80,10,Louisville,70
2004,1,3,Georgia Tech,65,14,Northern Iowa,60
2004,1,7,Memphis,59,10,South Carolina,43
2004,1,3,Pittsburgh,53,14,Central Florida,44
2004,1,7,DePaul,76,10,Dayton,69
2004,1,3,North Carolina State,62,14,Louisiana-Lafayette,52
2004,1,6,North Carolina,63,11,Air Force,52
2004,1,8,Seton Hall,80,9,Arizona,76
2004,1,1,Stanford,71,16,Texas-San Antonio,45
2004,1,8,Alabama,65,9,Southern Illinois,64
2004,1,5,Syracuse,80,12,Brigham Young,75
2004,1,1,Duke,96,16,Alabama State,61
2004,1,4,Maryland,86,13,UTEP,83
2004,1,4,Wake Forest,79,13,Virginia Commonwealth,78
2004,1,5,Florida,60,12,Manhattan,75
2004,1,8,Texas Tech,76,9,Charlotte,73
2004,1,1,St. Joseph's,82,16,Liberty,63
2004,1,2,Gonzaga,76,15,Valparaiso,49
2004,1,7,Michigan State,66,10,Nevada,72
2004,1,2,Connecticut,70,15,Vermont,53
2003,1,2,Pittsburgh,67,15,Wagner,62
2003,1,6,Maryland,75,11,UNC Wilmington,73
2003,1,7,Michigan State,79,10,Colorado,64
2003,1,8,Oregon,58,9,Utah,60
2003,1,1,Kentucky,95,16,IUPUI,64
2003,1,7,Indiana,67,10,Alabama,62
2003,1,8,LSU,56,9,Purdue,80
2003,1,5,Mississippi State,46,12,Butler,47
2003,1,1,Texas,82,16,UNC Asheville,61
2003,1,6,Oklahoma State,77,11,Penn,63
2003,1,3,Syracuse,77,14,Manhattan,63
2003,1,7,St. Joseph's,63,10,Auburn,65
2003,1,2,Wake Forest,76,15,East Tennessee State,73
2003,1,3,Xavier,71,14,Troy,59
2003,1,4,Louisville,86,13,Austin Peay,64
2003,1,2,Florida,85,15,Sam Houston State,55
2003,1,8,California,76,9,North Carolina State,74
2003,1,1,Oklahoma,71,16,South Carolina State,54
2003,1,1,Arizona,80,16,Vermont,51
2003,1,8,Cincinnati,69,9,Gonzaga,74
2003,1,5,Notre Dame,70,12,Milwaukee,69
2003,1,4,Illinois,65,13,Western Kentucky,60
2003,1,6,Creighton,73,11,Central Michigan,79
2003,1,3,Duke,67,14,Colorado State,57
2003,1,7,Memphis,71,10,Arizona State,84
2003,1,2,Kansas,64,15,Utah State,61
2003,1,5,Wisconsin,81,12,Weber State,74
2003,1,4,Dayton,71,13,Tulsa,84
2003,1,6,Missouri,72,11,Southern Illinois,71
2003,1,5,Connecticut,58,12,Brigham Young,53
2003,1,3,Marquette,72,14,Holy Cross,68
2003,1,4,Stanford,77,13,San Diego,69
2002,1,7,North Carolina State,69,10,Michigan State,58
2002,1,4,Illinois,93,13,San Diego State,64
2002,1,6,Texas,70,11,Boston College,57
2002,1,1,Cincinnati,90,16,Boston University,52
2002,1,3,Georgia,85,14,Murray St.,68
2002,1,6,Texas Tech,68,11,Southern Illinois,76
2002,1,1,Maryland,85,16,Siena,70
2002,1,2,Oklahoma,71,15,Illinois-Chicago,63
2002,1,6,California,82,11,Penn,75
2002,1,7,Xavier,70,10,Hawaii,58
2002,1,3,Mississippi State,70,14,McNeese State,58
2002,1,8,Wisconsin,80,9,St. John's,70
2002,1,2,Connecticut,78,15,Hampton,67
2002,1,8,UCLA,80,9,Mississippi,58
2002,1,5,Florida,82,12,Creighton,83
2002,1,1,Duke,84,16,Winthrop,37
2002,1,5,Indiana,75,12,Utah,56
2002,1,7,Wake Forest,83,10,Pepperdine,74
2002,1,2,Oregon,81,15,Montana,62
2002,1,1,Kansas,70,16,Holy Cross,59
2002,1,4,Kentucky,83,13,Valparaiso,68
2002,1,5,Marquette,69,12,Tulsa,71
2002,1,3,Arizona,86,14,UC Santa Barbara,81
2002,1,6,Gonzaga,66,11,Wyoming,73
2002,1,4,Ohio State,69,13,Davidson,64
2002,1,5,Miami (Fla.),80,12,Missouri,93
2002,1,8,Stanford,84,9,Western Kentucky,68
2002,1,2,Alabama,86,15,Florida Atlantic,78
2002,1,7,Oklahoma State,61,10,Kent State,69
2002,1,3,Pittsburgh,71,14,Central Connecticut State,54
2002,1,4,Southern California,89,13,UNC Wilmington,93
2002,1,8,Notre Dame,82,9,Charlotte,63
2001,1,7,Wake Forest,63,10,Butler,79
2001,1,2,Arizona,101,15,Eastern Illinois,76
2001,1,1,Michigan State,69,16,Alabama State,35
2001,1,1,Illinois,96,16,Northwestern State,54
2001,1,6,Texas,65,11,Temple,79
2001,1,8,California,70,9,Fresno State,82
2001,1,5,Virginia,85,12,Gonzaga,86
2001,1,4,Oklahoma,68,13,Indiana State,70
2001,1,8,Tennessee,63,9,Charlotte,70
2001,1,4,Kansas,99,13,Cal State Northridge,75
2001,1,7,Penn State,69,10,Providence,59
2001,1,5,Syracuse,79,12,Hawaii,69
2001,1,3,Florida,69,14,Western Kentucky,56
2001,1,6,Notre Dame,83,11,Xavier,71
2001,1,3,Mississippi,72,14,Iona,70
2001,1,2,North Carolina,70,15,Princeton,48
2001,1,5,Cincinnati,84,12,Brigham Young,59
2001,1,2,Iowa State,57,15,Hampton,58
2001,1,1,Duke,95,16,Monmouth,52
2001,1,8,Georgia,68,9,Missouri,70
2001,1,5,Ohio State,68,12,Utah State,77
2001,1,4,UCLA,61,13,Hofstra,48
2001,1,6,Southern California,69,11,Oklahoma State,54
2001,1,3,Boston College,68,14,Southern Utah,65
2001,1,7,Iowa,69,10,Creighton,56
2001,1,2,Kentucky,72,15,Holy Cross,68
2001,1,1,Stanford,89,16,UNC Greensboro,60
2001,1,7,Arkansas,61,10,Georgetown,63
2001,1,3,Maryland,83,14,George Mason,80
2001,1,6,Wisconsin,49,11,Georgia State,50
2001,1,4,Indiana,73,13,Kent State,77
2001,1,8,Georgia Tech,62,9,St. Joseph's,66
2000,1,6,Indiana,57,11,Pepperdine,77
2000,1,2,Temple,73,15,Lafayette,47
2000,1,1,Duke,85,16,Lamar,55
2000,1,8,Kansas,81,9,DePaul,77
2000,1,5,Florida,69,12,Butler,68
2000,1,2,Cincinnati,64,15,UNC Wilmington,47
2000,1,7,Tulsa,89,10,UNLV,62
2000,1,3,Ohio State,87,14,Appalachian State,61
2000,1,6,Miami (Fla.),75,11,Arkansas,71
2000,1,4,Tennessee,63,13,Louisiana-Lafayette,58
2000,1,5,Connecticut,75,12,Utah State,67
2000,1,8,North Carolina,84,9,Missouri,70
2000,1,1,Stanford,84,16,South Carolina State,65
2000,1,7,Oregon,71,10,Seton Hall,72
2000,1,3,Oklahoma State,86,14,Hofstra,66
2000,1,4,Illinois,68,13,Penn,58
2000,1,8,Utah,48,9,St. Louis,45
2000,1,2,Iowa State,88,15,Central Connecticut State,78
2000,1,7,Auburn,72,10,Creighton,69
2000,1,3,Maryland,74,14,Iona,59
2000,1,6,UCLA,79,11,Ball State,65
2000,1,4,Syracuse,79,13,Samford,65
2000,1,1,Arizona,71,16,Jackson State,47
2000,1,8,Wisconsin,66,9,Fresno State,56
2000,1,3,Oklahoma,74,14,Winthrop,60
2000,1,5,Texas,77,12,Indiana State,61
2000,1,4,LSU,64,13,Southeast Missouri State,61
2000,1,6,Purdue,62,11,Dayton,61
2000,1,7,Louisville,66,10,Gonzaga,77
2000,1,2,St. John's,61,15,Northern Arizona,56
2000,1,1,Michigan State,61,16,Valparaiso,56
2000,1,5,Kentucky,85,12,St. Bonaventure,80
1999,1,3,Cincinnati,72,14,George Mason,48
1999,1,2,Utah,80,15,Arkansas State,58
1999,1,7,Washington,58,10,Miami (Ohio),59
1999,1,3,Kentucky,82,14,New Mexico State,60
1999,1,6,Kansas,95,11,Evansville,74
1999,1,4,Arizona,60,13,Oklahoma,61
1999,1,5,Charlotte,81,12,Rhode Island,70
1999,1,8,Villanova,70,9,Mississippi,72
1999,1,7,Texas,54,10,Purdue,58
1999,1,1,Michigan State,76,16,Mount St. Mary's,53
1999,1,6,Temple,61,11,Kent State,54
1999,1,4,Tennessee,62,13,Delaware,52
1999,1,5,Wisconsin,32,12,Missouri State,43
1999,1,8,College of Charleston,53,9,Tulsa,62
1999,1,1,Duke,99,16,Florida A&M,58
1999,1,2,Miami (Fla.),75,15,Lafayette,54
1999,1,5,UCLA,53,12,Detroit,56
1999,1,5,Iowa,77,12,Alabama-Birmingham,64
1999,1,8,Missouri,59,9,New Mexico,61
1999,1,1,Connecticut,91,16,Texas-San Antonio,66
1999,1,2,Maryland,82,15,Valparaiso,60
1999,1,7,Louisville,58,10,Creighton,62
1999,1,3,St. John's,69,14,Samford,43
1999,1,4,Arkansas,94,13,Siena,80
1999,1,1,Auburn,80,16,Winthrop,41
1999,1,8,Syracuse,61,9,Oklahoma State,69
1999,1,7,Minnesota,63,10,Gonzaga,75
1999,1,6,Indiana,108,11,George Washington,88
1999,1,4,Ohio State,72,13,Murray St.,58
1999,1,6,Florida,75,11,Penn,61
1999,1,3,North Carolina,74,14,Weber State,76
1999,1,2,Stanford,69,15,Alcorn State,57
1998,1,1,Duke,99,16,Radford,63
1998,1,7,St. John's,64,10,Detroit,66
1998,1,1,Kansas,110,16,Prairie View,52
1998,1,8,Rhode Island,97,9,Murray St.,74
1998,1,5,TCU,87,12,Florida State,96
1998,1,4,Mississippi,69,13,Valparaiso,70
1998,1,6,Clemson,72,11,Western Michigan,75
1998,1,3,Stanford,67,14,College of Charleston,57
1998,1,2,Purdue,95,15,Delaware,56
1998,1,8,Oklahoma State,74,9,George Washington,59
1998,1,5,Syracuse,63,12,Iona,61
1998,1,4,New Mexico,79,13,Butler,62
1998,1,6,UCLA,65,11,Miami (Fla.),62
1998,1,3,Michigan,80,14,Davidson,61
1998,1,7,Massachusetts,46,10,St. Louis,51
1998,1,2,Kentucky,82,15,South Carolina State,67
1998,1,6,Xavier,68,11,Washington,69
1998,1,2,Cincinnati,65,15,Northern Arizona,62
1998,1,7,Temple,52,10,West Virginia,82
1998,1,3,Utah,85,14,San Francisco,68
1998,1,1,North Carolina,88,16,Navy,52
1998,1,8,Charlotte,77,9,Illinois-Chicago,62
1998,1,5,Princeton,69,12,UNLV,57
1998,1,3,South Carolina,61,14,Richmond,62
1998,1,7,Indiana,94,10,Oklahoma,87
1998,1,2,Connecticut,93,15,Fairleigh Dickinson,85
1998,1,1,Arizona,99,16,Nicholls State,60
1998,1,8,Tennessee,81,9,Illinois State,82
1998,1,5,Illinois,64,12,South Alabama,51
1998,1,4,Michigan State,83,13,Eastern Michigan,71
1998,1,4,Maryland,82,13,Utah State,68
1998,1,6,Arkansas,74,11,Nebraska,65
1997,1,3,New Mexico,59,14,Old Dominion,55
1997,1,6,Louisville,65,11,Massachusetts,57
1997,1,7,Charlotte,79,10,Georgetown,67
1997,1,7,Marquette,59,10,Providence,81
1997,1,2,Duke,71,15,Murray St.,68
1997,1,3,Georgia,70,14,Chattanooga,73
1997,1,3,Wake Forest,68,14,St. Mary's (Cal.),46
1997,1,1,Minnesota,78,16,Texas State,46
1997,1,6,Stanford,80,11,Oklahoma,67
1997,1,8,Mississippi,40,9,Temple,62
1997,1,6,Illinois,90,11,Southern California,77
1997,1,5,Tulsa,81,12,Boston University,52
1997,1,7,Wisconsin,58,10,Texas,71
1997,1,2,Utah,75,15,Navy,61
1997,1,4,Clemson,68,13,Miami (Ohio),56
1997,1,2,South Carolina,65,15,Coppin State,78
1997,1,7,Xavier,80,10,Vanderbilt,68
1997,1,4,Villanova,101,13,Long Island,91
1997,1,4,St. Joseph's,75,13,Pacific,65
1997,1,5,Boston College,73,12,Valparaiso,66
1997,1,8,Iowa,73,9,Virginia,60
1997,1,1,Kentucky,92,16,Montana,54
1997,1,4,Arizona,65,13,South Alabama,57
1997,1,5,Maryland,66,12,College of Charleston,75
1997,1,8,Purdue,83,9,Rhode Island,76
1997,1,1,Kansas,78,16,Jackson State,64
1997,1,1,North Carolina,82,16,Fairfield,74
1997,1,2,UCLA,109,15,Charleston Southern,75
1997,1,3,Cincinnati,86,14,Butler,69
1997,1,6,Iowa State,69,11,Illinois State,57
1997,1,5,California,55,12,Princeton,52
1997,1,8,Indiana,62,9,Colorado,80
1996,1,7,Michigan,76,10,Texas,80
1996,1,6,Indiana,51,11,Boston College,64
1996,1,3,Georgia Tech,90,14,Austin Peay,79
1996,1,7,Temple,61,10,Oklahoma,43
1996,1,2,Cincinnati,66,15,UNC Greensboro,61
1996,1,6,Iowa,81,11,George Washington,79
1996,1,3,Arizona,90,14,Valparaiso,51
1996,1,7,Maryland,79,10,Santa Clara,91
1996,1,2,Kansas,92,15,South Carolina State,54
1996,1,2,Georgetown,93,15,Mississippi Valley State,56
1996,1,6,North Carolina,83,11,New Orleans,62
1996,1,3,Texas Tech,74,14,Northern Illinois,73
1996,1,7,New Mexico,69,10,Kansas State,48
1996,1,2,Wake Forest,62,15,Louisiana-Monroe,50
1996,1,6,Louisville,82,11,Tulsa,80
1996,1,3,Villanova,92,14,Portland,58
1996,1,8,Duke,51,9,Eastern Michigan,58
1996,1,4,Syracuse,88,13,Montana State,55
1996,1,5,Memphis,63,12,Drexel,75
1996,1,8,Georgia,81,9,Clemson,74
1996,1,1,Purdue,73,16,Western Carolina,71
1996,1,4,UCLA,41,13,Princeton,43
1996,1,5,Mississippi State,58,12,Virginia Commonwealth,51
1996,1,1,Connecticut,68,16,Colgate,59
1996,1,1,Kentucky,110,16,San Jose State,72
1996,1,4,Marquette,68,13,Monmouth,44
1996,1,8,Green Bay,48,9,Virginia Tech,61
1996,1,5,Iowa State,74,12,California,64
1996,1,5,Penn State,80,12,Arkansas,86
1996,1,8,Bradley,58,9,Stanford,66
1996,1,4,Utah,72,13,Canisius,43
1996,1,1,Massachusetts,92,16,Central Florida,70
1995,1,3,Michigan State,72,14,Weber State,79
1995,1,6,Georgetown,68,11,Xavier,63
1995,1,2,Arkansas,79,15,Texas Southern,78
1995,1,7,Syracuse,96,10,Southern Illinois,92
1995,1,3,Purdue,49,14,Green Bay,48
1995,1,6,Memphis,77,11,Louisville,56
1995,1,4,Utah,76,13,Long Beach State,64
1995,1,5,Mississippi State,65,12,Santa Clara,60
1995,1,8,Missouri,65,9,Indiana,60
1995,1,1,UCLA,92,16,Florida International,56
1995,1,2,Massachusetts,68,15,St. Peter's,51
1995,1,7,Charlotte,68,10,Stanford,70
1995,1,3,Villanova,81,14,Old Dominion,89
1995,1,6,Tulsa,68,11,Illinois,62
1995,1,2,North Carolina,80,15,Murray St.,70
1995,1,7,Iowa State,64,10,Florida,61
1995,1,5,Alabama,91,12,Penn,85
1995,1,8,Minnesota,61,9,St. Louis,64
1995,1,5,Arizona,62,12,Miami (Ohio),71
1995,1,4,Virginia,96,13,Nicholls State,72
1995,1,4,Oklahoma,67,13,Manhattan,77
1995,1,5,Arizona State,81,12,Ball State,66
1995,1,8,Brigham Young,70,9,Tulane,76
1995,1,1,Kentucky,113,16,Mount St. Mary's,67
1995,1,1,Wake Forest,79,16,North Carolina A&T,47
1995,1,4,Oklahoma State,73,13,Drexel,49
1995,1,6,Oregon,73,11,Texas,90
1995,1,1,Kansas,82,16,Colgate,68
1995,1,8,Western Kentucky,82,9,Michigan,76
1995,1,3,Maryland,87,14,Gonzaga,63
1995,1,7,Cincinnati,77,10,Temple,71
1995,1,2,Connecticut,100,15,Chattanooga,71
1994,1,4,Temple,61,13,Drexel,39
1994,1,7,Virginia,57,10,New Mexico,54
1994,1,4,Oklahoma State,65,13,New Mexico State,55
1994,1,2,Arizona,81,15,Loyola (Md.),55
1994,1,1,Arkansas,94,16,North Carolina A&T,79
1994,1,8,Illinois,77,9,Georgetown,84
1994,1,5,UCLA,102,12,Tulsa,112
1994,1,6,Minnesota,74,11,Southern Illinois,60
1994,1,1,North Carolina,71,16,Liberty,51
1994,1,8,Washington State,64,9,Boston College,67
1994,1,5,Indiana,84,12,Ohio,72
1994,1,6,Marquette,81,11,Louisiana-Lafayette,59
1994,1,3,Kentucky,83,14,Tennessee State,70
1994,1,7,Michigan State,84,10,Seton Hall,73
1994,1,2,Duke,82,15,Texas Southern,70
1994,1,3,Louisville,67,14,Boise State,58
1994,1,8,Providence,70,9,Alabama,76
1994,1,1,Missouri,76,16,Navy,53
1994,1,6,Texas,91,11,Western Kentucky,77
1994,1,4,Kansas,102,13,Chattanooga,73
1994,1,5,California,57,12,Green Bay,61
1994,1,3,Michigan,78,14,Pepperdine,74
1994,1,7,St. Louis,66,10,Maryland,74
1994,1,2,Massachusetts,78,15,Texas State,60
1994,1,4,Syracuse,57,13,Hawaii,61
1994,1,6,Nebraska,80,11,Penn,90
1994,1,3,Florida,64,14,James Madison,62
1994,1,7,Alabama-Birmingham,46,10,George Washington,51
1994,1,2,Connecticut,64,15,Rider,46
1994,1,8,Cincinnati,72,9,Wisconsin,80
1994,1,5,Wake Forest,68,12,College of Charleston,58
1994,1,1,Purdue,98,16,Central Florida,67
1993,1,7,New Mexico State,93,10,Nebraska,79
1993,1,3,Massachusetts,54,14,Penn,50
1993,1,6,Virginia,78,11,Manhattan,66
1993,1,4,Georgia Tech,78,13,Southern,93
1993,1,5,New Mexico,68,12,George Washington,82
1993,1,8,Iowa State,70,9,UCLA,81
1993,1,1,Michigan,84,16,Coastal Carolina,53
1993,1,4,Iowa,82,13,Louisiana-Monroe,69
1993,1,5,Wake Forest,81,12,Chattanooga,58
1993,1,8,Utah,86,9,Pittsburgh,85
1993,1,1,Kentucky,96,16,Rider,52
1993,1,8,New Orleans,55,9,Xavier,73
1993,1,5,Oklahoma State,74,12,Marquette,62
1993,1,4,Louisville,76,13,Delaware,70
1993,1,1,Indiana,97,16,Wright State,54
1993,1,2,Cincinnati,93,15,Coppin State,66
1993,1,7,Temple,75,10,Missouri,61
1993,1,3,Florida State,82,14,Evansville,70
1993,1,7,Western Kentucky,55,10,Memphis,52
1993,1,1,North Carolina,85,16,East Carolina,65
1993,1,2,Arizona,61,15,Santa Clara,64
1993,1,3,Vanderbilt,92,14,Boise State,72
1993,1,7,Brigham Young,80,10,Southern Methodist,71
1993,1,2,Kansas,94,15,Ball State,72
1993,1,6,Kansas State,53,11,Tulane,55
1993,1,2,Seton Hall,81,15,Tennessee State,59
1993,1,5,St. John's,85,12,Texas Tech,67
1993,1,4,Arkansas,94,13,Holy Cross,64
1993,1,6,California,66,11,LSU,64
1993,1,3,Duke,105,14,Southern Illinois,70
1993,1,8,Rhode Island,74,9,Purdue,68
1993,1,6,Illinois,75,11,Long Beach State,72
1992,1,1,Kansas,100,16,Howard,67
1992,1,6,Michigan,73,11,Temple,66
1992,1,3,Arizona,80,14,East Tennessee State,87
1992,1,7,St. John's,57,10,Tulane,61
1992,1,2,Oklahoma State,100,15,Georgia Southern,73
1992,1,6,Syracuse,51,11,Princeton,43
1992,1,3,Massachusetts,85,14,Fordham,58
1992,1,7,Charlotte,74,10,Iowa State,76
1992,1,2,Kentucky,88,15,Old Dominion,69
1992,1,1,UCLA,73,16,Robert Morris,53
1992,1,8,Louisville,81,9,Wake Forest,58
1992,1,5,DePaul,73,12,New Mexico State,81
1992,1,4,Oklahoma,87,13,Louisiana-Lafayette,83
1992,1,8,Evansville,50,9,UTEP,55
1992,1,5,Michigan State,61,12,Missouri State,54
1992,1,4,Cincinnati,85,13,Delaware,47
1992,1,2,Southern California,84,15,Louisiana-Monroe,54
1992,1,2,Indiana,94,15,Eastern Illinois,55
1992,1,7,LSU,94,10,Brigham Young,83
1992,1,8,Nebraska,65,9,Connecticut,86
1992,1,1,Ohio State,83,16,Mississippi Valley State,56
1992,1,3,Florida State,78,14,Montana,68
1992,1,6,Memphis,80,11,Pepperdine,70
1992,1,3,Arkansas,80,14,Murray St.,69
1992,1,7,Georgia Tech,65,10,Houston,60
1992,1,6,Georgetown,75,11,South Florida,60
1992,1,4,Seton Hall,78,13,La Salle,76
1992,1,5,Missouri,89,12,West Virginia,78
1992,1,1,Duke,82,16,Campbell,56
1992,1,4,North Carolina,68,13,Miami (Ohio),63
1992,1,8,Texas,92,9,Iowa,98
1992,1,5,Alabama,80,12,Stanford,75
1991,1,8,Princeton,48,9,Villanova,50
1991,1,5,Mississippi State,56,12,Eastern Michigan,76
1991,1,4,UCLA,69,13,Penn State,74
1991,1,5,Texas,73,12,St. Peter's,65
1991,1,8,Georgetown,70,9,Vanderbilt,60
1991,1,5,Michigan State,60,12,Green Bay,58
1991,1,1,Ohio State,97,16,Towson,86
1991,1,1,Arkansas,117,16,Georgia State,76
1991,1,8,Arizona State,79,9,Rutgers,76
1991,1,5,Wake Forest,71,12,Louisiana Tech,65
1991,1,4,Alabama,89,13,Murray St.,79
1991,1,4,Utah,82,13,South Alabama,72
1991,1,8,Georgia Tech,87,9,DePaul,70
1991,1,4,St. John's,75,13,Northern Illinois,68
1991,1,1,UNLV,99,16,Montana,65
1991,1,1,North Carolina,101,16,Northeastern,66
1991,1,2,Duke,102,15,Louisiana-Monroe,73
1991,1,6,New Mexico State,56,11,Creighton,64
1991,1,3,Seton Hall,71,14,Pepperdine,51
1991,1,7,Virginia,48,10,Brigham Young,61
1991,1,2,Arizona,93,15,St. Francis (Pa.),80
1991,1,6,LSU,62,11,Connecticut,79
1991,1,3,Nebraska,84,14,Xavier,89
1991,1,7,Iowa,76,10,East Tennessee State,73
1991,1,6,North Carolina State,114,11,Southern Mississippi,85
1991,1,3,Oklahoma State,67,14,New Mexico,54
1991,1,7,Purdue,63,10,Temple,80
1991,1,2,Syracuse,69,15,Richmond,73
1991,1,6,Pittsburgh,76,11,Georgia,68
1991,1,3,Kansas,55,14,New Orleans,49
1991,1,7,Florida State,75,10,Southern California,72
1991,1,2,Indiana,79,15,Coastal Carolina,69
1990,1,3,Michigan,76,14,Illinois State,70
1990,1,7,Alabama,71,10,Colorado State,54
1990,1,2,Kansas,79,15,Robert Morris,71
1990,1,6,Xavier,87,11,Kansas State,79
1990,1,6,New Mexico State,92,11,Loyola Marymount,111
1990,1,3,Georgetown,70,14,Texas Southern,52
1990,1,7,Georgia,88,10,Texas,100
1990,1,2,Arizona,79,15,South Florida,67
1990,1,2,Syracuse,70,15,Coppin State,48
1990,1,7,Virginia,75,10,Notre Dame,67
1990,1,3,Missouri,71,14,Northern Iowa,74
1990,1,6,Minnesota,64,11,UTEP,61
1990,1,6,St. John's,81,11,Temple,65
1990,1,3,Duke,81,14,Richmond,46
1990,1,7,UCLA,68,10,Alabama-Birmingham,56
1990,1,2,Purdue,75,15,Louisiana-Monroe,63
1990,1,8,Ohio State,84,9,Providence,83
1990,1,4,Louisville,78,13,Idaho,59
1990,1,8,Houston,66,9,UC Santa Barbara,70
1990,1,5,Illinois,86,12,Dayton,88
1990,1,4,Arkansas,68,13,Princeton,64
1990,1,8,North Carolina,83,9,Missouri State,70
1990,1,1,Oklahoma,77,16,Towson,68
1990,1,4,La Salle,79,13,Southern Mississippi,63
1990,1,5,Clemson,49,12,Brigham Young,47
1990,1,8,Indiana,63,9,California,65
1990,1,1,Michigan State,75,16,Murray St.,71
1990,1,5,LSU,70,12,Villanova,63
1990,1,4,Georgia Tech,99,13,East Tennessee State,83
1990,1,1,Connecticut,76,16,Boston University,52
1990,1,1,UNLV,102,16,Arkansas-Little Rock,72
1990,1,5,Oregon State,53,12,Ball State,54
1989,1,3,Michigan,92,14,Xavier,87
1989,1,6,Georgia Tech,70,11,Texas,76
1989,1,3,Missouri,85,14,Creighton,69
1989,1,7,Florida,46,10,Colorado State,68
1989,1,5,North Carolina State,81,12,South Carolina,66
1989,1,2,Syracuse,104,15,Bucknell,81
1989,1,6,Alabama,84,11,South Alabama,86
1989,1,2,Indiana,99,15,George Mason,85
1989,1,6,Oregon State,90,11,Evansville,94
1989,1,7,UTEP,85,10,LSU,74
1989,1,3,Seton Hall,60,14,Missouri State,51
1989,1,4,Iowa,87,13,Rutgers,73
1989,1,8,Vanderbilt,65,9,Notre Dame,81
1989,1,1,Georgetown,50,16,Princeton,49
1989,1,2,North Carolina,93,15,Southern,79
1989,1,7,UCLA,84,10,Iowa State,74
1989,1,6,Kansas State,75,11,Minnesota,86
1989,1,4,UNLV,68,13,Idaho,56
1989,1,5,Memphis,63,12,DePaul,66
1989,1,8,St. Mary's (Cal.),70,9,Clemson,83
1989,1,1,Arizona,94,16,Robert Morris,60
1989,1,2,Duke,90,15,South Carolina State,69
1989,1,7,West Virginia,84,10,Tennessee,68
1989,1,3,Stanford,78,14,Siena,80
1989,1,4,Florida State,83,13,Middle Tennessee State,97
1989,1,5,Virginia,100,12,Providence,97
1989,1,8,La Salle,74,9,Louisiana Tech,83
1989,1,1,Oklahoma,72,16,East Tennessee State,71
1989,1,4,Louisville,76,13,Arkansas-Little Rock,71
1989,1,5,Arkansas,120,12,Loyola Marymount,101
1989,1,8,Pittsburgh,64,9,Ball State,68
1989,1,1,Illinois,77,16,McNeese State,71
1988,1,7,Maryland,92,10,UC Santa Barbara,82
1988,1,8,Seton Hall,80,9,UTEP,64
1988,1,4,UNLV,54,13,Missouri State,50
1988,1,7,Vanderbilt,80,10,Utah State,77
1988,1,2,Pittsburgh,108,15,Eastern Michigan,90
1988,1,8,Georgetown,66,9,LSU,63
1988,1,5,Georgia Tech,90,12,Iowa State,78
1988,1,1,Temple,87,16,Lehigh,73
1988,1,6,Villanova,82,11,Arkansas,74
1988,1,4,Indiana,69,13,Richmond,72
1988,1,3,Illinois,81,14,Texas-San Antonio,72
1988,1,3,North Carolina State,75,14,Murray St.,78
1988,1,6,Kansas,85,11,Xavier,72
1988,1,1,Arizona,90,16,Cornell,50
1988,1,5,Iowa,102,12,Florida State,98
1988,1,2,Kentucky,99,15,Southern,84
1988,1,4,Brigham Young,98,13,Charlotte,92
1988,1,7,Wyoming,115,10,Loyola Marymount,119
1988,1,8,Baylor,60,9,Memphis,75
1988,1,3,Syracuse,69,14,North Carolina A&T,55
1988,1,7,Southern Methodist,83,10,Notre Dame,75
1988,1,2,Duke,85,15,Boston University,69
1988,1,6,Florida,62,11,St. John's,59
1988,1,3,Michigan,63,14,Boise State,58
1988,1,2,North Carolina,83,15,North Texas,65
1988,1,1,Oklahoma,94,16,Chattanooga,66
1988,1,1,Purdue,94,16,Fairleigh Dickinson,79
1988,1,5,DePaul,83,12,Wichita State,62
1988,1,4,Kansas State,66,13,La Salle,53
1988,1,8,Auburn,90,9,Bradley,86
1988,1,5,Louisville,70,12,Oregon State,61
1988,1,6,Missouri,80,11,Rhode Island,87
1987,1,5,Kansas,66,12,Houston,55
1987,1,6,Florida,82,11,North Carolina State,70
1987,1,3,Purdue,104,14,Northeastern,95
1987,1,2,Syracuse,79,15,Georgia Southern,73
1987,1,2,Iowa,99,15,Santa Clara,76
1987,1,7,UTEP,98,10,Arizona,91
1987,1,8,Kentucky,77,9,Ohio State,91
1987,1,3,Pittsburgh,93,14,Marist,68
1987,1,6,Oklahoma,74,11,Tulsa,69
1987,1,4,Clemson,60,13,Missouri State,65
1987,1,7,Georgia Tech,79,10,LSU,85
1987,1,7,West Virginia,62,10,Western Kentucky,64
1987,1,6,St. John's,57,11,Wichita State,55
1987,1,3,DePaul,76,14,Louisiana Tech,62
1987,1,2,Temple,75,15,Southern,56
1987,1,1,Georgetown,75,16,Bucknell,53
1987,1,7,New Orleans,83,10,Brigham Young,79
1987,1,4,UCLA,92,13,Central Michigan,73
1987,1,3,Illinois,67,14,Austin Peay,68
1987,1,1,UNLV,95,16,Idaho State,70
1987,1,8,Auburn,62,9,San Diego,61
1987,1,4,Missouri,69,13,Xavier,70
1987,1,8,Navy,82,9,Michigan,97
1987,1,8,Georgia,79,9,Kansas State,82
1987,1,5,Virginia,60,12,Wyoming,64
1987,1,1,Indiana,92,16,Fairfield,58
1987,1,5,Duke,58,12,Texas A&M,51
1987,1,4,TCU,76,13,Marshall,60
1987,1,5,Notre Dame,84,12,Middle Tennessee State,71
1987,1,1,North Carolina,113,16,Penn,82
1987,1,6,Providence,90,11,Alabama-Birmingham,68
1987,1,2,Alabama,88,15,North Carolina A&T,71
1986,1,2,Syracuse,101,15,Brown,52
1986,1,1,St. John's,83,16,Montana State,74
1986,1,8,Auburn,73,9,Arizona,63
1986,1,8,Western Kentucky,67,9,Nebraska,59
1986,1,5,Maryland,69,12,Pepperdine,64
1986,1,6,North Carolina State,66,11,Iowa,64
1986,1,2,Michigan,70,15,Akron,64
1986,1,4,UNLV,74,13,Louisiana-Monroe,51
1986,1,1,Kentucky,75,16,Davidson,55
1986,1,7,Navy,87,10,Tulsa,68
1986,1,3,Notre Dame,83,14,Arkansas-Little Rock,90
1986,1,6,St. Joseph's,60,11,Richmond,59
1986,1,3,Indiana,79,14,Cleveland State,83
1986,1,4,Illinois,75,13,Fairfield,51
1986,1,8,Old Dominion,72,9,West Virginia,64
1986,1,7,Iowa State,81,10,Miami (Ohio),79
1986,1,5,Alabama,97,12,Xavier,80
1986,1,2,Georgia Tech,68,15,Marist,53
1986,1,1,Duke,85,16,Mississippi Valley State,78
1986,1,5,Virginia,68,12,DePaul,72
1986,1,4,Oklahoma,80,13,Northeastern,74
1986,1,1,Kansas,71,16,North Carolina A&T,46
1986,1,5,Michigan State,72,12,Washington,70
1986,1,7,Virginia Tech,62,10,Villanova,71
1986,1,2,Louisville,93,15,Drexel,73
1986,1,8,Jacksonville,50,9,Temple,61
1986,1,4,Georgetown,70,13,Texas Tech,64
1986,1,7,Bradley,83,10,UTEP,65
1986,1,6,Purdue,87,11,LSU,94
1986,1,3,North Carolina,84,14,Utah,72
1986,1,6,Alabama-Birmingham,66,11,Missouri,64
1986,1,3,Memphis,95,14,Ball State,63
1985,1,6,Texas Tech,53,11,Boston College,55
1985,1,7,Alabama,50,10,Arizona,41
1985,1,2,Virginia Commonwealth,81,15,Marshall,65
1985,1,3,Illinois,76,14,Northeastern,57
1985,1,6,Georgia,67,11,Wichita State,59
1985,1,7,Syracuse,70,10,DePaul,65
1985,1,2,Georgia Tech,65,15,Mercer,58
1985,1,3,Duke,75,14,Pepperdine,62
1985,1,7,Alabama-Birmingham,70,10,Michigan State,68
1985,1,1,Michigan,59,16,Fairleigh Dickinson,55
1985,1,8,Villanova,51,9,Dayton,49
1985,1,6,Tulsa,75,11,UTEP,79
1985,1,4,LSU,55,13,Navy,78
1985,1,5,Maryland,69,12,Miami (Ohio),68
1985,1,2,Memphis,67,15,Penn,55
1985,1,3,North Carolina State,65,14,Nevada,56
1985,1,8,Southern California,55,9,Illinois State,58
1985,1,6,Purdue,58,11,Auburn,59
1985,1,7,Notre Dame,79,10,Oregon State,70
1985,1,2,North Carolina,76,15,Middle Tennessee State,57
1985,1,4,Ohio State,75,13,Iowa State,64
1985,1,1,Georgetown,68,16,Lehigh,43
1985,1,5,Louisiana Tech,78,12,Pittsburgh,54
1985,1,1,Oklahoma,96,16,North Carolina A&T,83
1985,1,5,Washington,58,12,Kentucky,66
1985,1,4,Loyola (Ill.),59,13,Iona,58
1985,1,5,Southern Methodist,85,12,Old Dominion,68
1985,1,4,UNLV,85,13,San Diego State,80
1985,1,8,Temple,60,9,Virginia Tech,57
1985,1,1,St. John's,83,16,Southern,59
1985,1,3,Kansas,49,14,Ohio,38
1985,1,8,Iowa,54,9,Arkansas,63
2017,2,1,Villanova,62,8,Wisconsin,65
2017,2,5,Notre Dame,71,4,West Virginia,83
2017,2,1,Virginia,39,4,Florida,65
2017,2,11,Xavier,91,3,Florida State,66
2017,2,1,Gonzaga,79,8,Northwestern,73
2017,2,7,St. Mary's (Cal.),60,2,Arizona,69
2017,2,5,Iowa State,76,4,Purdue,80
2017,2,12,Middle Tennessee State,65,4,Butler,74
2017,2,7,Michigan,73,2,Louisville,69
2017,2,10,Wichita State,62,2,Kentucky,65
2017,2,1,Kansas,90,9,Michigan State,70
2017,2,1,North Carolina,72,8,Arkansas,65
2017,2,11,Rhode Island,72,3,Oregon,75
2017,2,11,Southern California,78,3,Baylor,82
2017,2,7,South Carolina,88,2,Duke,81
2017,2,6,Cincinnati,67,3,UCLA,79
2016,2,1,Kansas,73,9,Connecticut,61
2016,2,11,Wichita State,57,3,Miami (Fla.),65
2016,2,12,Yale,64,4,Duke,71
2016,2,1,North Carolina,85,9,Providence,66
2016,2,5,Indiana,73,4,Kentucky,67
2016,2,1,Virginia,77,9,Butler,69
2016,2,12,Arkansas-Little Rock,61,4,Iowa State,78
2016,2,11,Gonzaga,82,3,Utah,59
2016,2,2,Villanova,87,7,Iowa,68
2016,2,6,Notre Dame,76,14,Stephen F. Austin,75
2016,2,2,Oklahoma,85,10,Virginia Commonwealth,81
2016,2,10,Syracuse,75,15,Middle Tennessee State,50
2016,2,5,Maryland,73,13,Hawaii,60
2016,2,3,Texas A&M,92,11,Northern Iowa,88
2016,2,2,Xavier,63,7,Wisconsin,66
2016,2,1,Oregon,69,8,St. Joseph's,64
2015,2,6,Butler,64,3,Notre Dame,67
2015,2,11,UCLA,92,14,Alabama-Birmingham,75
2015,2,6,Xavier,75,14,Georgia State,67
2015,2,10,Ohio State,58,2,Arizona,73
2015,2,1,Villanova,68,8,North Carolina State,71
2015,2,5,Arkansas,78,4,North Carolina,87
2015,2,1,Kentucky,64,8,Cincinnati,51
2015,2,5,Utah,75,4,Georgetown,64
2015,2,7,Wichita State,78,2,Kansas,65
2015,2,7,Michigan State,60,2,Virginia,54
2015,2,5,Northern Iowa,53,4,Louisville,66
2015,2,5,West Virginia,69,4,Maryland,59
2015,2,1,Wisconsin,72,8,Oregon,65
2015,2,1,Duke,68,8,San Diego State,49
2015,2,7,Iowa,68,2,Gonzaga,87
2015,2,11,Dayton,66,3,Oklahoma,72
2014,2,11,Dayton,55,3,Syracuse,53
2014,2,7,Oregon,77,2,Wisconsin,85
2014,2,1,Florida,61,9,Pittsburgh,45
2014,2,12,Harvard,73,4,Michigan State,80
2014,2,7,Texas,65,2,Michigan,79
2014,2,7,Connecticut,77,2,Villanova,65
2014,2,5,St. Louis,51,4,Louisville,66
2014,2,12,North Dakota State,44,4,San Diego State,63
2014,2,11,Tennessee,83,14,Mercer,63
2014,2,6,Baylor,85,3,Creighton,55
2014,2,10,Stanford,60,2,Kansas,57
2014,2,1,Arizona,84,8,Gonzaga,61
2014,2,1,Virginia,78,8,Memphis,60
2014,2,6,North Carolina,83,10,Iowa State,85
2014,2,1,Wichita State,76,8,Kentucky,78
2014,2,12,Stephen F. Austin,60,6,UCLA,77
2013,2,6,Memphis,48,3,Michigan State,70
2013,2,6,Butler,72,3,Marquette,74
2013,2,1,Gonzaga,70,9,Wichita State,76
2013,2,12,Oregon,74,4,St. Louis,57
2013,2,1,Louisville,82,8,Colorado State,56
2013,2,5,Virginia Commonwealth,53,4,Michigan,78
2013,2,6,Arizona,74,14,Harvard,51
2013,2,12,California,60,4,Syracuse,66
2013,2,7,Creighton,50,2,Duke,66
2013,2,12,Mississippi,74,13,La Salle,76
2013,2,1,Indiana,58,9,Temple,52
2013,2,7,Illinois,59,2,Miami (Fla.),63
2013,2,7,San Diego State,71,15,Florida Gulf Coast,81
2013,2,10,Iowa State,75,2,Ohio State,78
2013,2,1,Kansas,70,8,North Carolina,58
2013,2,11,Minnesota,64,3,Florida,78
2012,2,11,North Carolina State,66,3,Georgetown,63
2012,2,1,Michigan State,65,9,St. Louis,61
2012,2,1,North Carolina,87,8,Creighton,73
2012,2,7,Florida,84,15,Norfolk State,50
2012,2,12,South Florida,56,13,Ohio,62
2012,2,10,Purdue,60,2,Kansas,63
2012,2,6,Cincinnati,62,3,Florida State,56
2012,2,10,Xavier,70,15,Lehigh,58
2012,2,1,Syracuse,75,8,Kansas State,59
2012,2,7,Gonzaga,66,2,Ohio State,73
2012,2,6,Murray St.,53,3,Marquette,62
2012,2,5,Vanderbilt,57,4,Wisconsin,60
2012,2,12,Virginia Commonwealth,61,4,Indiana,63
2012,2,1,Kentucky,87,8,Iowa State,71
2012,2,11,Colorado,63,3,Baylor,80
2012,2,5,New Mexico,56,4,Louisville,59
2011,2,1,Duke,73,8,Michigan,71
2011,2,7,Washington,83,2,North Carolina,86
2011,2,1,Kansas,73,9,Illinois,59
2011,2,11,Marquette,66,3,Syracuse,62
2011,2,1,Ohio State,98,8,George Mason,66
2011,2,11,Virginia Commonwealth,94,3,Purdue,76
2011,2,5,Arizona,70,4,Texas,69
2011,2,10,Florida State,71,2,Notre Dame,57
2011,2,5,West Virginia,63,4,Kentucky,71
2011,2,7,UCLA,65,2,Florida,73
2011,2,12,Richmond,65,13,Morehead State,48
2011,2,7,Temple,64,2,San Diego State,71
2011,2,11,Gonzaga,67,3,Brigham Young,89
2011,2,6,Cincinnati,58,3,Connecticut,69
2011,2,5,Kansas State,65,4,Wisconsin,70
2011,2,1,Pittsburgh,70,8,Butler,71
2010,2,10,Missouri,59,2,West Virginia,68
2010,2,12,Cornell,87,4,Wisconsin,69
2010,2,6,Xavier,71,3,Pittsburgh,68
2010,2,1,Syracuse,87,8,Gonzaga,65
2010,2,10,Georgia Tech,66,2,Ohio State,75
2010,2,5,Michigan State,85,4,Maryland,83
2010,2,5,Texas A&M,61,4,Purdue,63
2010,2,1,Duke,68,8,California,53
2010,2,10,St. Mary's (Cal.),75,2,Villanova,68
2010,2,7,Brigham Young,72,2,Kansas State,84
2010,2,5,Butler,54,13,Murray St.,52
2010,2,1,Kansas,67,9,Northern Iowa,69
2010,2,1,Kentucky,90,9,Wake Forest,60
2010,2,11,Washington,82,3,New Mexico,64
2010,2,11,Old Dominion,68,3,Baylor,76
2010,2,6,Tennessee,83,14,Ohio,68
2009,2,1,Louisville,79,9,Siena,62
2009,2,10,Southern California,69,2,Michigan State,74
2009,2,12,Arizona,71,13,Cleveland State,57
2009,2,12,Wisconsin,49,4,Xavier,60
2009,2,6,Arizona State,67,3,Syracuse,78
2009,2,11,Dayton,43,3,Kansas,60
2009,2,1,Pittsburgh,84,8,Oklahoma State,76
2009,2,6,Marquette,79,3,Missouri,83
2009,2,6,UCLA,69,3,Villanova,89
2009,2,1,Connecticut,92,9,Texas A&M,66
2009,2,1,North Carolina,84,8,LSU,70
2009,2,5,Purdue,76,4,Washington,74
2009,2,10,Michigan,63,2,Oklahoma,73
2009,2,12,Western Kentucky,81,4,Gonzaga,83
2009,2,7,Texas,69,2,Duke,74
2009,2,10,Maryland,70,2,Memphis,89
2008,2,12,Villanova,84,13,Siena,72
2008,2,12,Western Kentucky,72,13,San Diego,63
2008,2,6,Oklahoma,48,3,Louisville,78
2008,2,7,Miami (Fla.),72,2,Texas,75
2008,2,10,Davidson,74,2,Georgetown,70
2008,2,1,North Carolina,108,9,Arkansas,77
2008,2,1,Memphis,77,8,Mississippi State,74
2008,2,7,Butler,71,2,Tennessee,76
2008,2,6,Marquette,81,3,Stanford,82
2008,2,11,Kansas State,55,3,Wisconsin,72
2008,2,5,Notre Dame,41,4,Washington State,61
2008,2,1,Kansas,75,8,UNLV,56
2008,2,7,West Virginia,73,2,Duke,67
2008,2,1,UCLA,51,9,Texas A&M,49
2008,2,6,Purdue,78,3,Xavier,85
2008,2,5,Michigan State,65,4,Pittsburgh,54
2007,2,7,UNLV,74,2,Wisconsin,68
2007,2,5,Southern California,87,4,Texas,68
2007,2,5,Tennessee,77,4,Virginia,74
2007,2,11,Winthrop,61,3,Oregon,75
2007,2,1,Kansas,88,8,Kentucky,76
2007,2,5,Virginia Tech,48,4,Southern Illinois,63
2007,2,1,Florida,74,9,Purdue,67
2007,2,7,Nevada,62,2,Memphis,78
2007,2,5,Butler,62,4,Maryland,59
2007,2,1,Ohio State,78,9,Xavier,71
2007,2,6,Louisville,69,3,Texas A&M,72
2007,2,1,North Carolina,81,9,Michigan State,67
2007,2,7,Indiana,49,2,UCLA,54
2007,2,6,Vanderbilt,78,3,Washington State,74
2007,2,11,Virginia Commonwealth,79,3,Pittsburgh,84
2007,2,7,Boston College,55,2,Georgetown,62
2006,2,1,Memphis,72,9,Bucknell,56
2006,2,6,West Virginia,67,14,Northwestern State,54
2006,2,7,Georgetown,70,2,Ohio State,52
2006,2,1,Villanova,82,8,Arizona,78
2006,2,11,George Mason,65,3,North Carolina,60
2006,2,1,Connecticut,87,8,Kentucky,83
2006,2,5,Pittsburgh,66,13,Bradley,72
2006,2,10,North Carolina State,54,2,Texas,75
2006,2,11,Milwaukee,60,3,Florida,82
2006,2,12,Texas A&M,57,4,LSU,58
2006,2,1,Duke,70,8,George Washington,64
2006,2,12,Montana,56,4,Boston College,69
2006,2,5,Washington,67,4,Illinois,64
2006,2,7,Wichita State,80,2,Tennessee,73
2006,2,10,Alabama,59,2,UCLA,62
2006,2,6,Indiana,80,3,Gonzaga,90
2005,2,1,North Carolina,92,9,Iowa State,65
2005,2,5,Villanova,76,4,Florida,65
2005,2,6,Wisconsin,71,14,Bucknell,62
2005,2,5,Michigan State,72,13,Vermont,61
2005,2,10,North Carolina State,65,2,Connecticut,62
2005,2,7,Southern Illinois,77,2,Oklahoma State,85
2005,2,1,Duke,63,9,Mississippi State,55
2005,2,5,Georgia Tech,54,4,Louisville,76
2005,2,11,Alabama-Birmingham,63,3,Arizona,85
2005,2,7,West Virginia,111,2,Wake Forest,105
2005,2,12,Milwaukee,85,4,Boston College,63
2005,2,6,Texas Tech,71,3,Gonzaga,69
2005,2,7,Cincinnati,60,2,Kentucky,69
2005,2,6,Utah,67,3,Oklahoma,58
2005,2,1,Illinois,71,9,Nevada,59
2005,2,1,Washington,97,8,Pacific,79
2004,2,6,Boston College,54,3,Georgia Tech,57
2004,2,6,Vanderbilt,75,3,North Carolina State,73
2004,2,7,Xavier,89,2,Mississippi State,74
2004,2,5,Illinois,92,4,Cincinnati,68
2004,2,7,Memphis,53,2,Oklahoma State,70
2004,2,6,Wisconsin,55,3,Pittsburgh,59
2004,2,12,Pacific,63,4,Kansas,78
2004,2,1,Kentucky,75,9,Alabama-Birmingham,76
2004,2,10,Nevada,91,2,Gonzaga,72
2004,2,1,Duke,90,8,Seton Hall,62
2004,2,7,DePaul,55,2,Connecticut,72
2004,2,12,Manhattan,80,4,Wake Forest,84
2004,2,5,Syracuse,72,4,Maryland,70
2004,2,1,Stanford,67,8,Alabama,70
2004,2,1,St. Joseph's,70,8,Texas Tech,65
2004,2,6,North Carolina,75,3,Texas,78
2003,2,5,Wisconsin,61,13,Tulsa,60
2003,2,10,Auburn,68,2,Wake Forest,62
2003,2,6,Oklahoma State,56,3,Syracuse,68
2003,2,12,Butler,79,4,Louisville,71
2003,2,7,Michigan State,68,2,Florida,46
2003,2,6,Maryland,77,3,Xavier,64
2003,2,1,Texas,77,9,Purdue,67
2003,2,7,Indiana,52,2,Pittsburgh,74
2003,2,11,Central Michigan,80,3,Duke,86
2003,2,1,Kentucky,74,9,Utah,54
2003,2,1,Arizona,96,9,Gonzaga,95
2003,2,5,Notre Dame,68,4,Illinois,60
2003,2,10,Arizona State,76,2,Kansas,108
2003,2,5,Connecticut,84,4,Stanford,74
2003,2,1,Oklahoma,74,8,California,65
2003,2,6,Missouri,92,3,Marquette,101
2002,2,11,Wyoming,60,3,Arizona,68
2002,2,12,Creighton,60,4,Illinois,72
2002,2,6,Texas,68,3,Mississippi State,64
2002,2,6,California,50,3,Pittsburgh,63
2002,2,11,Southern Illinois,77,3,Georgia,75
2002,2,7,North Carolina State,74,2,Connecticut,77
2002,2,10,Kent State,71,2,Alabama,58
2002,2,1,Cincinnati,101,8,UCLA,105
2002,2,7,Xavier,65,2,Oklahoma,78
2002,2,1,Maryland,87,8,Wisconsin,57
2002,2,5,Indiana,76,13,UNC Wilmington,67
2002,2,12,Tulsa,82,4,Kentucky,87
2002,2,12,Missouri,83,4,Ohio State,67
2002,2,1,Kansas,86,8,Stanford,63
2002,2,7,Wake Forest,87,2,Oregon,92
2002,2,1,Duke,84,8,Notre Dame,77
2001,2,7,Penn State,82,2,North Carolina,74
2001,2,11,Temple,75,3,Florida,54
2001,2,12,Gonzaga,85,13,Indiana State,68
2001,2,1,Michigan State,81,9,Fresno State,65
2001,2,10,Butler,52,2,Arizona,73
2001,2,6,Notre Dame,56,3,Mississippi,59
2001,2,5,Syracuse,58,4,Kansas,87
2001,2,1,Illinois,79,9,Charlotte,61
2001,2,5,Cincinnati,66,13,Kent State,43
2001,2,11,Georgia State,60,3,Maryland,79
2001,2,1,Stanford,90,9,St. Joseph's,83
2001,2,7,Iowa,79,2,Kentucky,92
2001,2,1,Duke,94,9,Missouri,81
2001,2,6,Southern California,74,3,Boston College,71
2001,2,12,Utah State,50,4,UCLA,75
2001,2,10,Georgetown,76,15,Hampton,57
2000,2,1,Duke,69,8,Kansas,64
2000,2,6,Miami (Fla.),75,3,Ohio State,62
2000,2,5,Connecticut,61,4,Tennessee,65
2000,2,1,Stanford,53,8,North Carolina,60
2000,2,10,Seton Hall,67,2,Temple,65
2000,2,11,Pepperdine,67,3,Oklahoma State,75
2000,2,5,Florida,93,4,Illinois,76
2000,2,7,Tulsa,69,2,Cincinnati,61
2000,2,5,Kentucky,50,4,Syracuse,52
2000,2,10,Gonzaga,82,2,St. John's,76
2000,2,6,Purdue,66,3,Oklahoma,62
2000,2,5,Texas,67,4,LSU,72
2000,2,1,Arizona,59,8,Wisconsin,66
2000,2,7,Auburn,60,2,Iowa State,79
2000,2,6,UCLA,105,3,Maryland,70
2000,2,1,Michigan State,73,8,Utah,61
1999,2,5,Charlotte,72,13,Oklahoma,85
1999,2,6,Temple,64,3,Cincinnati,54
1999,2,10,Miami (Ohio),66,2,Utah,58
1999,2,1,Michigan State,74,9,Mississippi,66
1999,2,12,Missouri State,81,4,Tennessee,51
1999,2,1,Duke,97,9,Tulsa,56
1999,2,6,Kansas,88,3,Kentucky,92
1999,2,10,Purdue,73,2,Miami (Fla.),63
1999,2,6,Florida,82,14,Weber State,74
1999,2,5,Iowa,82,4,Arkansas,72
1999,2,1,Connecticut,78,9,New Mexico,56
1999,2,12,Detroit,44,4,Ohio State,75
1999,2,10,Gonzaga,82,2,Stanford,74
1999,2,6,Indiana,61,3,St. John's,86
1999,2,1,Auburn,81,9,Oklahoma State,74
1999,2,10,Creighton,63,2,Maryland,75
1998,2,12,Florida State,77,13,Valparaiso,83
1998,2,5,Syracuse,56,4,New Mexico,46
1998,2,1,Duke,79,8,Oklahoma State,73
1998,2,10,Detroit,65,2,Purdue,80
1998,2,1,Kansas,75,8,Rhode Island,80
1998,2,11,Western Michigan,65,3,Stanford,83
1998,2,10,St. Louis,61,2,Kentucky,88
1998,2,6,UCLA,85,3,Michigan,82
1998,2,6,Arkansas,69,3,Utah,75
1998,2,10,West Virginia,75,2,Cincinnati,74
1998,2,1,North Carolina,93,8,Charlotte,83
1998,2,7,Indiana,61,2,Connecticut,78
1998,2,5,Princeton,51,4,Michigan State,63
1998,2,11,Washington,81,14,Richmond,66
1998,2,1,Arizona,82,9,Illinois State,49
1998,2,5,Illinois,61,4,Maryland,67
1997,2,10,Providence,98,2,Duke,87
1997,2,6,Stanford,72,3,Wake Forest,66
1997,2,7,Charlotte,58,2,Utah,77
1997,2,1,Minnesota,76,9,Temple,57
1997,2,5,Tulsa,59,4,Clemson,65
1997,2,6,Louisville,64,3,New Mexico,63
1997,2,10,Texas,82,15,Coppin State,81
1997,2,6,Illinois,63,14,Chattanooga,75
1997,2,5,California,75,4,Villanova,68
1997,2,6,Iowa State,67,3,Cincinnati,66
1997,2,7,Xavier,83,2,UCLA,96
1997,2,1,Kentucky,75,8,Iowa,69
1997,2,5,Boston College,77,4,St. Joseph's,81
1997,2,1,Kansas,75,8,Purdue,61
1997,2,12,College of Charleston,69,4,Arizona,73
1997,2,1,North Carolina,73,9,Colorado,56
1996,2,7,Temple,65,2,Cincinnati,78
1996,2,10,Santa Clara,51,2,Kansas,76
1996,2,6,Iowa,73,3,Arizona,87
1996,2,10,Texas,62,2,Wake Forest,65
1996,2,11,Boston College,89,3,Georgia Tech,103
1996,2,6,Louisville,68,3,Villanova,64
1996,2,7,New Mexico,62,2,Georgetown,73
1996,2,6,North Carolina,73,3,Texas Tech,92
1996,2,1,Purdue,69,8,Georgia,76
1996,2,5,Iowa State,67,4,Utah,73
1996,2,1,Kentucky,84,9,Virginia Tech,60
1996,2,12,Drexel,58,4,Syracuse,69
1996,2,1,Massachusetts,79,9,Stanford,74
1996,2,12,Arkansas,65,4,Marquette,56
1996,2,5,Mississippi State,63,13,Princeton,41
1996,2,1,Connecticut,95,9,Eastern Michigan,81
1995,2,1,UCLA,75,8,Missouri,74
1995,2,6,Georgetown,53,14,Weber State,51
1995,2,6,Memphis,75,3,Purdue,73
1995,2,10,Stanford,53,2,Massachusetts,75
1995,2,7,Syracuse,94,2,Arkansas,96
1995,2,5,Mississippi State,78,4,Utah,64
1995,2,6,Tulsa,64,14,Old Dominion,52
1995,2,7,Iowa State,51,2,North Carolina,73
1995,2,5,Alabama,52,4,Oklahoma State,66
1995,2,1,Kentucky,82,9,Tulane,60
1995,2,1,Kansas,75,8,Western Kentucky,70
1995,2,12,Miami (Ohio),54,4,Virginia,60
1995,2,1,Wake Forest,64,9,St. Louis,59
1995,2,5,Arizona State,64,13,Manhattan,54
1995,2,7,Cincinnati,91,2,Connecticut,96
1995,2,11,Texas,68,3,Maryland,82
1994,2,12,Tulsa,82,4,Oklahoma State,80
1994,2,7,Michigan State,74,2,Duke,85
1994,2,6,Minnesota,55,3,Louisville,60
1994,2,5,Indiana,67,4,Temple,58
1994,2,1,North Carolina,72,9,Boston College,75
1994,2,1,Arkansas,85,9,Georgetown,73
1994,2,7,Virginia,58,2,Arizona,71
1994,2,6,Marquette,75,3,Kentucky,63
1994,2,6,Texas,79,3,Michigan,84
1994,2,12,Green Bay,59,4,Syracuse,64
1994,2,10,Maryland,95,2,Massachusetts,87
1994,2,1,Missouri,109,9,Wisconsin,96
1994,2,11,Penn,58,3,Florida,70
1994,2,10,George Washington,63,2,Connecticut,75
1994,2,1,Purdue,83,9,Alabama,73
1994,2,5,Wake Forest,58,4,Kansas,69
1993,2,1,Kentucky,83,8,Utah,62
1993,2,5,Oklahoma State,63,4,Louisville,78
1993,2,1,Indiana,73,9,Xavier,70
1993,2,7,New Mexico State,55,2,Cincinnati,92
1993,2,6,Virginia,71,3,Massachusetts,56
1993,2,12,George Washington,90,13,Southern,80
1993,2,1,Michigan,86,9,UCLA,84
1993,2,5,Wake Forest,84,4,Iowa,78
1993,2,7,Temple,68,15,Santa Clara,57
1993,2,6,California,82,3,Duke,77
1993,2,6,Illinois,68,3,Vanderbilt,85
1993,2,11,Tulane,63,3,Florida State,94
1993,2,7,Brigham Young,76,2,Kansas,90
1993,2,7,Western Kentucky,72,2,Seton Hall,68
1993,2,5,St. John's,74,4,Arkansas,80
1993,2,1,North Carolina,112,8,Rhode Island,67
1992,2,6,Michigan,102,14,East Tennessee State,90
1992,2,6,Syracuse,71,3,Massachusetts,77
1992,2,10,Iowa State,98,2,Kentucky,106
1992,2,1,UCLA,85,8,Louisville,69
1992,2,12,New Mexico State,81,13,Louisiana-Lafayette,73
1992,2,1,Kansas,60,9,UTEP,66
1992,2,5,Michigan State,65,4,Cincinnati,77
1992,2,10,Tulane,71,2,Oklahoma State,87
1992,2,5,Missouri,71,4,Seton Hall,88
1992,2,1,Ohio State,78,9,Connecticut,55
1992,2,5,Alabama,55,4,North Carolina,64
1992,2,6,Memphis,82,3,Arkansas,80
1992,2,7,Georgia Tech,79,2,Southern California,78
1992,2,7,LSU,79,2,Indiana,89
1992,2,1,Duke,75,9,Iowa,62
1992,2,6,Georgetown,68,3,Florida State,78
1991,2,5,Michigan State,84,4,Utah,85
1991,2,1,Arkansas,97,8,Arizona State,90
1991,2,12,Eastern Michigan,71,13,Penn State,68
1991,2,1,North Carolina,84,9,Villanova,69
1991,2,5,Texas,76,4,St. John's,84
1991,2,1,Ohio State,65,8,Georgia Tech,61
1991,2,5,Wake Forest,88,4,Alabama,96
1991,2,1,UNLV,62,8,Georgetown,54
1991,2,11,Creighton,69,3,Seton Hall,81
1991,2,6,Pittsburgh,66,3,Kansas,77
1991,2,7,Florida State,60,2,Indiana,82
1991,2,6,North Carolina State,64,3,Oklahoma State,73
1991,2,10,Temple,77,15,Richmond,64
1991,2,11,Connecticut,66,14,Xavier,50
1991,2,7,Iowa,70,2,Duke,85
1991,2,10,Brigham Young,69,2,Arizona,81
1990,2,10,Texas,73,2,Purdue,72
1990,2,6,Xavier,74,3,Georgetown,71
1990,2,7,UCLA,71,2,Kansas,70
1990,2,6,St. John's,72,3,Duke,76
1990,2,7,Alabama,77,2,Arizona,55
1990,2,7,Virginia,61,2,Syracuse,63
1990,2,11,Loyola Marymount,149,3,Michigan,115
1990,2,1,UNLV,76,8,Ohio State,65
1990,2,6,Minnesota,81,14,Northern Iowa,78
1990,2,5,LSU,91,4,Georgia Tech,94
1990,2,12,Ball State,62,4,Louisville,60
1990,2,1,Connecticut,74,9,California,54
1990,2,5,Clemson,79,4,La Salle,75
1990,2,1,Oklahoma,77,8,North Carolina,79
1990,2,12,Dayton,84,4,Arkansas,86
1990,2,1,Michigan State,62,9,UC Santa Barbara,58
1989,2,7,UCLA,81,2,North Carolina,88
1989,2,11,Texas,89,3,Missouri,108
1989,2,11,South Alabama,82,3,Michigan,91
1989,2,5,North Carolina State,102,4,Iowa,96
1989,2,10,Colorado State,50,2,Syracuse,65
1989,2,1,Georgetown,81,9,Notre Dame,74
1989,2,11,Evansville,73,3,Seton Hall,87
1989,2,7,UTEP,69,2,Indiana,92
1989,2,1,Illinois,72,9,Ball State,60
1989,2,12,DePaul,70,4,UNLV,85
1989,2,1,Arizona,94,9,Clemson,68
1989,2,7,West Virginia,63,2,Duke,70
1989,2,11,Minnesota,80,14,Siena,67
1989,2,5,Virginia,104,13,Middle Tennessee State,88
1989,2,1,Oklahoma,124,9,Louisiana Tech,81
1989,2,5,Arkansas,84,4,Louisville,93
1988,2,5,Iowa,104,4,UNLV,86
1988,2,5,Georgia Tech,55,13,Richmond,59
1988,2,7,Maryland,81,2,Kentucky,90
1988,2,1,Arizona,84,8,Seton Hall,55
1988,2,6,Villanova,66,3,Illinois,63
1988,2,1,Temple,74,8,Georgetown,53
1988,2,6,Kansas,61,14,Murray St.,58
1988,2,5,DePaul,58,4,Kansas State,66
1988,2,1,Purdue,100,9,Memphis,73
1988,2,5,Louisville,97,4,Brigham Young,76
1988,2,6,Florida,85,3,Michigan,108
1988,2,1,Oklahoma,107,8,Auburn,87
1988,2,11,Rhode Island,97,3,Syracuse,94
1988,2,10,Loyola Marymount,97,2,North Carolina,123
1988,2,7,Southern Methodist,79,2,Duke,94
1988,2,7,Vanderbilt,80,2,Pittsburgh,74
1987,2,6,St. John's,75,3,DePaul,83
1987,2,7,UTEP,82,2,Iowa,84
1987,2,10,Western Kentucky,86,2,Syracuse,104
1987,2,6,Oklahoma,96,3,Pittsburgh,93
1987,2,10,LSU,72,2,Temple,62
1987,2,1,Georgetown,82,9,Ohio State,79
1987,2,6,Florida,85,3,Purdue,66
1987,2,5,Kansas,67,13,Missouri State,63
1987,2,6,Providence,90,14,Austin Peay,87
1987,2,12,Wyoming,78,4,UCLA,68
1987,2,1,UNLV,80,9,Kansas State,61
1987,2,1,North Carolina,109,9,Michigan,97
1987,2,7,New Orleans,76,2,Alabama,101
1987,2,5,Notre Dame,58,4,TCU,57
1987,2,5,Duke,65,13,Xavier,60
1987,2,1,Indiana,107,8,Auburn,90
1986,2,1,St. John's,65,8,Auburn,81
1986,2,7,Navy,97,2,Syracuse,85
1986,2,5,Alabama,58,4,Illinois,56
1986,2,1,Kentucky,71,8,Western Kentucky,64
1986,2,6,North Carolina State,80,14,Arkansas-Little Rock,66
1986,2,7,Iowa State,72,2,Michigan,69
1986,2,6,St. Joseph's,69,14,Cleveland State,75
1986,2,5,Maryland,64,4,UNLV,70
1986,2,6,Alabama-Birmingham,59,3,North Carolina,77
1986,2,11,LSU,83,3,Memphis,81
1986,2,1,Duke,89,8,Old Dominion,61
1986,2,12,DePaul,74,4,Oklahoma,69
1986,2,1,Kansas,65,9,Temple,43
1986,2,5,Michigan State,80,4,Georgetown,68
1986,2,10,Villanova,61,2,Georgia Tech,66
1986,2,7,Bradley,68,2,Louisville,82
1985,2,11,UTEP,73,3,North Carolina State,86
1985,2,7,Syracuse,53,2,Georgia Tech,70
1985,2,7,Alabama-Birmingham,66,2,Memphis,67
1985,2,7,Alabama,63,2,Virginia Commonwealth,59
1985,2,6,Georgia,58,3,Illinois,74
1985,2,11,Boston College,74,3,Duke,73
1985,2,1,Michigan,55,8,Villanova,59
1985,2,5,Maryland,64,13,Navy,59
1985,2,1,Oklahoma,75,9,Illinois State,69
1985,2,1,Georgetown,63,8,Temple,46
1985,2,7,Notre Dame,58,2,North Carolina,60
1985,2,5,Southern Methodist,57,4,Loyola (Ill.),70
1985,2,12,Kentucky,64,4,UNLV,61
1985,2,1,St. John's,68,9,Arkansas,65
1985,2,11,Auburn,66,3,Kansas,64
1985,2,5,Louisiana Tech,79,4,Ohio State,67
2017,3,8,Wisconsin,83,4,Florida,84
2017,3,3,Baylor,50,7,South Carolina,70
2017,3,1,Kansas,98,4,Purdue,66
2017,3,3,Oregon,69,7,Michigan,68
2017,3,1,Gonzaga,61,4,West Virginia,58
2017,3,11,Xavier,73,2,Arizona,71
2017,3,1,North Carolina,92,4,Butler,80
2017,3,3,UCLA,75,2,Kentucky,86
2016,3,1,Oregon,82,4,Duke,68
2016,3,3,Texas A&M,63,2,Oklahoma,77
2016,3,1,Virginia,84,4,Iowa State,71
2016,3,11,Gonzaga,60,10,Syracuse,63
2016,3,1,Kansas,79,5,Maryland,63
2016,3,3,Miami (Fla.),69,2,Villanova,92
2016,3,1,North Carolina,101,5,Indiana,86
2016,3,6,Notre Dame,61,7,Wisconsin,56
2015,3,11,UCLA,62,2,Gonzaga,74
2015,3,1,Kentucky,78,5,West Virginia,39
2015,3,6,Xavier,60,2,Arizona,68
2015,3,8,North Carolina State,65,4,Louisville,75
2015,3,1,Duke,63,5,Utah,57
2015,3,1,Wisconsin,79,4,North Carolina,72
2015,3,3,Notre Dame,81,7,Wichita State,70
2015,3,3,Oklahoma,58,7,Michigan State,62
2014,3,1,Florida,79,4,UCLA,68
2014,3,8,Kentucky,74,4,Louisville,69
2014,3,11,Tennessee,71,2,Michigan,73
2014,3,1,Arizona,70,4,San Diego State,64
2014,3,11,Dayton,82,10,Stanford,72
2014,3,6,Baylor,52,2,Wisconsin,69
2014,3,1,Virginia,59,4,Michigan State,61
2014,3,3,Iowa State,76,7,Connecticut,81
2013,3,1,Kansas,85,4,Michigan,87
2013,3,3,Michigan State,61,2,Duke,71
2013,3,1,Louisville,77,12,Oregon,69
2013,3,6,Arizona,70,2,Ohio State,73
2013,3,3,Marquette,71,2,Miami (Fla.),61
2013,3,9,Wichita State,72,13,La Salle,58
2013,3,1,Indiana,50,4,Syracuse,61
2013,3,3,Florida,62,15,Florida Gulf Coast,50
2012,3,3,Baylor,75,10,Xavier,70
2012,3,1,North Carolina,73,13,Ohio,65
2012,3,1,Kentucky,102,4,Indiana,90
2012,3,11,North Carolina State,57,2,Kansas,60
2012,3,1,Syracuse,64,4,Wisconsin,63
2012,3,1,Michigan State,44,4,Louisville,57
2012,3,6,Cincinnati,66,2,Ohio State,81
2012,3,3,Marquette,58,7,Florida,68
2011,3,1,Kansas,77,12,Richmond,57
2011,3,11,Marquette,63,2,North Carolina,81
2011,3,1,Ohio State,60,4,Kentucky,62
2011,3,11,Virginia Commonwealth,72,10,Florida State,71
2011,3,3,Brigham Young,74,2,Florida,83
2011,3,3,Connecticut,74,2,San Diego State,67
2011,3,1,Duke,77,5,Arizona,93
2011,3,8,Butler,61,4,Wisconsin,54
2010,3,9,Northern Iowa,52,5,Michigan State,59
2010,3,1,Duke,70,4,Purdue,57
2010,3,3,Baylor,72,10,St. Mary's (Cal.),49
2010,3,6,Tennessee,76,2,Ohio State,73
2010,3,11,Washington,56,2,West Virginia,69
2010,3,1,Syracuse,59,5,Butler,63
2010,3,1,Kentucky,62,12,Cornell,45
2010,3,6,Xavier,96,2,Kansas State,101
2009,3,1,Louisville,103,12,Arizona,64
2009,3,3,Kansas,62,2,Michigan State,67
2009,3,1,North Carolina,98,4,Gonzaga,77
2009,3,3,Syracuse,71,2,Oklahoma,84
2009,3,1,Connecticut,72,5,Purdue,60
2009,3,3,Missouri,102,2,Memphis,91
2009,3,1,Pittsburgh,60,4,Xavier,55
2009,3,3,Villanova,77,2,Duke,54
2008,3,3,Stanford,62,2,Texas,82
2008,3,1,Kansas,72,12,Villanova,57
2008,3,3,Wisconsin,56,10,Davidson,73
2008,3,1,Memphis,92,5,Michigan State,74
2008,3,1,North Carolina,68,4,Washington State,47
2008,3,3,Xavier,79,7,West Virginia,75
2008,3,3,Louisville,79,2,Tennessee,60
2008,3,1,UCLA,88,12,Western Kentucky,78
2007,3,6,Vanderbilt,65,2,Georgetown,66
2007,3,1,North Carolina,74,5,Southern California,64
2007,3,3,Oregon,76,7,UNLV,72
2007,3,1,Florida,65,5,Butler,57
2007,3,1,Kansas,61,4,Southern Illinois,58
2007,3,3,Texas A&M,64,2,Memphis,65
2007,3,1,Ohio State,85,5,Tennessee,84
2007,3,3,Pittsburgh,55,2,UCLA,64
2006,3,1,Villanova,60,4,Boston College,59
2006,3,3,Florida,57,7,Georgetown,53
2006,3,11,George Mason,63,7,Wichita State,55
2006,3,1,Connecticut,98,5,Washington,92
2006,3,3,Gonzaga,71,2,UCLA,73
2006,3,1,Duke,54,4,LSU,62
2006,3,6,West Virginia,71,2,Texas,74
2006,3,1,Memphis,80,13,Bradley,64
2005,3,6,Utah,52,2,Kentucky,62
2005,3,1,North Carolina,67,5,Villanova,66
2005,3,6,Wisconsin,65,10,North Carolina State,56
2005,3,1,Duke,68,5,Michigan State,78
2005,3,3,Arizona,79,2,Oklahoma State,78
2005,3,6,Texas Tech,60,7,West Virginia,65
2005,3,1,Illinois,77,12,Milwaukee,63
2005,3,1,Washington,79,4,Louisville,93
2004,3,9,Alabama-Birmingham,74,4,Kansas,100
2004,3,3,Texas,71,7,Xavier,79
2004,3,1,Duke,72,5,Illinois,62
2004,3,3,Georgia Tech,72,10,Nevada,67
2004,3,6,Vanderbilt,53,2,Connecticut,73
2004,3,8,Alabama,80,5,Syracuse,71
2004,3,3,Pittsburgh,51,2,Oklahoma State,63
2004,3,1,St. Joseph's,84,4,Wake Forest,80
2003,3,6,Maryland,58,7,Michigan State,60
2003,3,3,Syracuse,79,10,Auburn,78
2003,3,1,Oklahoma,65,12,Butler,54
2003,3,1,Texas,82,5,Connecticut,78
2003,3,1,Arizona,88,5,Notre Dame,71
2003,3,1,Kentucky,63,5,Wisconsin,57
2003,3,3,Marquette,77,2,Pittsburgh,74
2003,3,3,Duke,65,2,Kansas,69
2002,3,6,Texas,70,2,Oregon,72
2002,3,1,Kansas,73,4,Illinois,69
2002,3,1,Maryland,78,4,Kentucky,68
2002,3,11,Southern Illinois,59,2,Connecticut,71
2002,3,1,Duke,73,5,Indiana,74
2002,3,8,UCLA,73,12,Missouri,82
2002,3,3,Arizona,67,2,Oklahoma,88
2002,3,3,Pittsburgh,73,10,Kent State,78
2001,3,1,Illinois,80,4,Kansas,64
2001,3,3,Mississippi,56,2,Arizona,66
2001,3,1,Michigan State,77,12,Gonzaga,62
2001,3,11,Temple,84,7,Penn State,72
2001,3,6,Southern California,80,2,Kentucky,76
2001,3,1,Stanford,78,5,Cincinnati,65
2001,3,3,Maryland,76,10,Georgetown,66
2001,3,1,Duke,76,4,UCLA,63
2000,3,3,Oklahoma State,68,10,Seton Hall,66
2000,3,8,North Carolina,74,4,Tennessee,69
2000,3,6,Miami (Fla.),71,7,Tulsa,80
2000,3,1,Duke,78,5,Florida,87
2000,3,1,Michigan State,75,4,Syracuse,58
2000,3,6,Purdue,75,10,Gonzaga,66
2000,3,8,Wisconsin,61,4,LSU,48
2000,3,6,UCLA,56,2,Iowa State,80
1999,3,6,Temple,77,10,Purdue,55
1999,3,1,Duke,78,12,Missouri State,61
1999,3,1,Michigan State,54,13,Oklahoma,46
1999,3,3,Kentucky,58,10,Miami (Ohio),43
1999,3,6,Florida,72,10,Gonzaga,73
1999,3,3,St. John's,76,2,Maryland,62
1999,3,1,Connecticut,78,5,Iowa,68
1999,3,1,Auburn,64,4,Ohio State,72
1998,3,3,Stanford,67,2,Purdue,59
1998,3,1,Duke,80,5,Syracuse,67
1998,3,8,Rhode Island,74,13,Valparaiso,68
1998,3,6,UCLA,68,2,Kentucky,94
1998,3,1,North Carolina,73,4,Michigan State,58
1998,3,11,Washington,74,2,Connecticut,75
1998,3,1,Arizona,87,4,Maryland,79
1998,3,3,Utah,65,10,West Virginia,62
1997,3,14,Chattanooga,65,10,Providence,71
1997,3,1,North Carolina,63,5,California,57
1997,3,6,Louisville,78,10,Texas,63
1997,3,1,Kansas,82,4,Arizona,85
1997,3,1,Minnesota,90,4,Clemson,84
1997,3,1,Kentucky,83,4,St. Joseph's,68
1997,3,6,Iowa State,73,2,UCLA,74
1997,3,6,Stanford,77,2,Utah,82
1996,3,1,Connecticut,55,5,Mississippi State,60
1996,3,3,Arizona,80,2,Kansas,83
1996,3,8,Georgia,81,4,Syracuse,83
1996,3,3,Georgia Tech,70,2,Cincinnati,87
1996,3,1,Kentucky,101,4,Utah,70
1996,3,6,Louisville,59,2,Wake Forest,60
1996,3,1,Massachusetts,79,12,Arkansas,63
1996,3,3,Texas Tech,90,2,Georgetown,98
1995,3,1,Kansas,58,4,Virginia,67
1995,3,1,Wake Forest,66,4,Oklahoma State,71
1995,3,6,Memphis,91,2,Arkansas,96
1995,3,6,Tulsa,51,2,Massachusetts,76
1995,3,3,Maryland,89,2,Connecticut,99
1995,3,6,Georgetown,64,2,North Carolina,74
1995,3,1,UCLA,86,5,Mississippi State,67
1995,3,1,Kentucky,97,5,Arizona State,73
1994,3,9,Boston College,77,5,Indiana,68
1994,3,3,Florida,69,2,Connecticut,60
1994,3,1,Arkansas,103,12,Tulsa,84
1994,3,3,Michigan,78,10,Maryland,71
1994,3,1,Purdue,83,4,Kansas,78
1994,3,3,Louisville,70,2,Arizona,82
1994,3,1,Missouri,98,4,Syracuse,88
1994,3,6,Marquette,49,2,Duke,59
1993,3,1,Michigan,72,12,George Washington,64
1993,3,3,Vanderbilt,59,7,Temple,67
1993,3,1,North Carolina,80,4,Arkansas,74
1993,3,6,Virginia,54,2,Cincinnati,71
1993,3,6,California,76,2,Kansas,93
1993,3,1,Indiana,82,4,Louisville,69
1993,3,3,Florida State,81,7,Western Kentucky,78
1993,3,1,Kentucky,103,5,Wake Forest,69
1992,3,9,UTEP,67,4,Cincinnati,69
1992,3,1,Ohio State,80,4,North Carolina,73
1992,3,6,Memphis,83,7,Georgia Tech,79
1992,3,6,Michigan,75,2,Oklahoma State,72
1992,3,1,Duke,81,4,Seton Hall,69
1992,3,1,UCLA,85,12,New Mexico State,78
1992,3,3,Florida State,74,2,Indiana,85
1992,3,3,Massachusetts,77,2,Kentucky,87
1991,3,1,Ohio State,74,4,St. John's,91
1991,3,1,North Carolina,93,12,Eastern Michigan,67
1991,3,11,Connecticut,67,2,Duke,81
1991,3,3,Oklahoma State,63,10,Temple,72
1991,3,3,Kansas,83,2,Indiana,65
1991,3,1,Arkansas,93,4,Alabama,70
1991,3,1,UNLV,83,4,Utah,66
1991,3,3,Seton Hall,81,2,Arizona,77
1990,3,1,UNLV,69,12,Ball State,67
1990,3,11,Loyola Marymount,62,7,Alabama,60
1990,3,6,Minnesota,82,2,Syracuse,75
1990,3,1,Michigan State,80,4,Georgia Tech,81
1990,3,6,Xavier,89,10,Texas,102
1990,3,3,Duke,90,7,UCLA,81
1990,3,1,Connecticut,71,5,Clemson,70
1990,3,8,North Carolina,73,4,Arkansas,96
1989,3,11,Minnesota,70,2,Duke,87
1989,3,3,Missouri,80,2,Syracuse,83
1989,3,1,Illinois,83,4,Louisville,69
1989,3,1,Georgetown,69,5,North Carolina State,61
1989,3,1,Arizona,67,4,UNLV,68
1989,3,3,Michigan,92,2,North Carolina,87
1989,3,1,Oklahoma,80,5,Virginia,86
1989,3,3,Seton Hall,78,2,Indiana,65
1988,3,1,Arizona,99,5,Iowa,79
1988,3,1,Purdue,70,4,Kansas State,73
1988,3,3,Michigan,69,2,North Carolina,78
1988,3,6,Kansas,77,7,Vanderbilt,64
1988,3,6,Villanova,80,2,Kentucky,74
1988,3,1,Temple,69,13,Richmond,47
1988,3,1,Oklahoma,108,5,Louisville,98
1988,3,11,Rhode Island,72,2,Duke,73
1987,3,3,DePaul,58,10,LSU,63
1987,3,1,UNLV,92,12,Wyoming,78
1987,3,6,Oklahoma,91,2,Iowa,93
1987,3,1,Indiana,88,5,Duke,82
1987,3,1,North Carolina,74,5,Notre Dame,68
1987,3,1,Georgetown,70,5,Kansas,57
1987,3,6,Providence,103,2,Alabama,82
1987,3,6,Florida,81,2,Syracuse,87
1986,3,1,Kansas,96,5,Michigan State,86
1986,3,6,North Carolina State,70,7,Iowa State,66
1986,3,1,Duke,74,12,DePaul,67
1986,3,14,Cleveland State,70,7,Navy,71
1986,3,3,North Carolina,79,2,Louisville,94
1986,3,1,Kentucky,68,5,Alabama,63
1986,3,11,LSU,70,2,Georgia Tech,64
1986,3,8,Auburn,70,4,UNLV,63
1985,3,3,North Carolina State,61,7,Alabama,55
1985,3,11,Auburn,56,2,North Carolina,62
1985,3,1,St. John's,86,12,Kentucky,70
1985,3,8,Villanova,46,5,Maryland,43
1985,3,3,Illinois,53,2,Georgia Tech,61
1985,3,11,Boston College,57,2,Memphis,59
1985,3,1,Oklahoma,86,5,Louisiana Tech,84
1985,3,1,Georgetown,65,4,Loyola (Ill.),53
2017,4,1,Gonzaga,83,11,Xavier,59
2017,4,1,Kansas,60,3,Oregon,74
2017,4,4,Florida,70,7,South Carolina,77
2017,4,1,North Carolina,75,2,Kentucky,73
2016,4,1,Oregon,68,2,Oklahoma,80
2016,4,1,Kansas,59,2,Villanova,64
2016,4,1,Virginia,62,10,Syracuse,68
2016,4,1,North Carolina,88,6,Notre Dame,74
2015,4,1,Wisconsin,85,2,Arizona,78
2015,4,1,Kentucky,68,3,Notre Dame,66
2015,4,7,Michigan State,76,4,Louisville,70
2015,4,1,Duke,66,2,Gonzaga,52
2014,4,1,Florida,62,11,Dayton,52
2014,4,1,Arizona,63,2,Wisconsin,64
2014,4,4,Michigan State,54,7,Connecticut,60
2014,4,8,Kentucky,75,2,Michigan,72
2013,4,4,Syracuse,55,3,Marquette,39
2013,4,9,Wichita State,70,2,Ohio State,66
2013,4,1,Louisville,85,2,Duke,63
2013,4,4,Michigan,79,3,Florida,59
2012,4,1,Kentucky,82,3,Baylor,70
2012,4,1,North Carolina,67,2,Kansas,80
2012,4,4,Louisville,72,7,Florida,68
2012,4,1,Syracuse,70,2,Ohio State,77
2011,4,4,Kentucky,76,2,North Carolina,69
2011,4,1,Kansas,61,11,Virginia Commonwealth,71
2011,4,8,Butler,74,2,Florida,71
2011,4,5,Arizona,63,3,Connecticut,65
2010,4,1,Duke,78,3,Baylor,71
2010,4,5,Michigan State,70,6,Tennessee,69
2010,4,1,Kentucky,66,2,West Virginia,73
2010,4,5,Butler,63,2,Kansas State,56
2009,4,1,North Carolina,72,2,Oklahoma,60
2009,4,1,Louisville,52,2,Michigan State,64
2009,4,1,Connecticut,82,3,Missouri,75
2009,4,1,Pittsburgh,76,3,Villanova,78
2008,4,1,Memphis,85,2,Texas,67
2008,4,1,Kansas,59,10,Davidson,57
2008,4,1,North Carolina,83,3,Louisville,73
2008,4,1,UCLA,76,3,Xavier,57
2007,4,1,North Carolina,84,2,Georgetown,96
2007,4,1,Florida,85,3,Oregon,77
2007,4,1,Ohio State,92,2,Memphis,76
2007,4,1,Kansas,55,2,UCLA,68
2006,4,1,Villanova,62,3,Florida,75
2006,4,1,Connecticut,84,11,George Mason,86
2006,4,1,Memphis,45,2,UCLA,50
2006,4,4,LSU,70,2,Texas,60
2005,4,5,Michigan State,94,2,Kentucky,88
2005,4,1,North Carolina,88,6,Wisconsin,82
2005,4,4,Louisville,93,7,West Virginia,85
2005,4,1,Illinois,90,3,Arizona,89
2004,4,1,Duke,66,7,Xavier,63
2004,4,4,Kansas,71,3,Georgia Tech,79
2004,4,8,Alabama,71,2,Connecticut,87
2004,4,1,St. Joseph's,62,2,Oklahoma State,64
2003,4,1,Texas,85,7,Michigan State,76
2003,4,1,Oklahoma,47,3,Syracuse,63
2003,4,1,Arizona,75,2,Kansas,78
2003,4,1,Kentucky,69,3,Marquette,83
2002,4,1,Kansas,104,2,Oregon,86
2002,4,1,Maryland,90,2,Connecticut,82
2002,4,5,Indiana,81,10,Kent State,69
2002,4,12,Missouri,75,2,Oklahoma,81
2001,4,1,Michigan State,69,11,Temple,62
2001,4,1,Illinois,81,2,Arizona,87
2001,4,1,Stanford,73,3,Maryland,87
2001,4,1,Duke,79,6,Southern California,69
2000,4,5,Florida,77,3,Oklahoma State,65
2000,4,8,North Carolina,59,7,Tulsa,55
2000,4,1,Michigan State,75,2,Iowa State,64
2000,4,8,Wisconsin,64,6,Purdue,60
1999,4,1,Michigan State,73,3,Kentucky,66
1999,4,1,Duke,85,6,Temple,64
1999,4,4,Ohio State,77,3,St. John's,74
1999,4,1,Connecticut,67,10,Gonzaga,62
1998,4,1,Duke,84,2,Kentucky,86
1998,4,8,Rhode Island,77,3,Stanford,79
1998,4,1,Arizona,51,3,Utah,76
1998,4,1,North Carolina,75,2,Connecticut,64
1997,4,4,Arizona,96,10,Providence,92
1997,4,1,North Carolina,97,6,Louisville,74
1997,4,1,Kentucky,72,2,Utah,59
1997,4,1,Minnesota,80,2,UCLA,72
1996,4,4,Syracuse,60,2,Kansas,57
1996,4,5,Mississippi State,73,2,Cincinnati,63
1996,4,1,Kentucky,83,2,Wake Forest,63
1996,4,1,Massachusetts,86,2,Georgetown,62
1995,4,4,Oklahoma State,68,2,Massachusetts,54
1995,4,4,Virginia,61,2,Arkansas,68
1995,4,1,Kentucky,61,2,North Carolina,74
1995,4,1,UCLA,102,2,Connecticut,96
1994,4,1,Arkansas,76,3,Michigan,68
1994,4,9,Boston College,66,3,Florida,74
1994,4,1,Missouri,72,2,Arizona,92
1994,4,1,Purdue,60,2,Duke,69
1993,4,1,North Carolina,75,2,Cincinnati,68
1993,4,1,Michigan,77,7,Temple,72
1993,4,1,Indiana,77,2,Kansas,83
1993,4,1,Kentucky,106,3,Florida State,81
1992,4,1,Ohio State,71,6,Michigan,75
1992,4,4,Cincinnati,88,6,Memphis,57
1992,4,1,UCLA,79,2,Indiana,106
1992,4,1,Duke,104,2,Kentucky,103
1991,4,4,St. John's,61,2,Duke,78
1991,4,1,North Carolina,75,10,Temple,72
1991,4,1,Arkansas,81,3,Kansas,93
1991,4,1,UNLV,77,3,Seton Hall,65
1990,4,1,UNLV,131,11,Loyola Marymount,101
1990,4,4,Georgia Tech,93,6,Minnesota,91
1990,4,1,Connecticut,78,3,Duke,79
1990,4,4,Arkansas,88,10,Texas,85
1989,4,1,Georgetown,77,2,Duke,85
1989,4,1,Illinois,89,2,Syracuse,86
1989,4,4,UNLV,61,3,Seton Hall,84
1989,4,5,Virginia,65,3,Michigan,102
1988,4,1,Arizona,70,2,North Carolina,52
1988,4,4,Kansas State,58,6,Kansas,71
1988,4,1,Oklahoma,78,6,Villanova,59
1988,4,1,Temple,53,2,Duke,63
1987,4,1,UNLV,84,2,Iowa,81
1987,4,1,Indiana,77,10,LSU,76
1987,4,1,North Carolina,75,2,Syracuse,79
1987,4,1,Georgetown,73,6,Providence,88
1986,4,1,Duke,71,7,Navy,50
1986,4,1,Kansas,75,6,North Carolina State,67
1986,4,1,Kentucky,57,11,LSU,59
1986,4,8,Auburn,76,2,Louisville,84
1985,4,1,St. John's,69,3,North Carolina State,60
1985,4,8,Villanova,56,2,North Carolina,44
1985,4,1,Georgetown,60,2,Georgia Tech,54
1985,4,1,Oklahoma,61,2,Memphis,63
2017,5,7,South Carolina,73,1,Gonzaga,77
2017,5,3,Oregon,76,1,North Carolina,77
2016,5,2,Villanova,95,2,Oklahoma,51
2016,5,1,North Carolina,83,10,Syracuse,66
2015,5,1,Kentucky,64,1,Wisconsin,71
2015,5,7,Michigan State,61,1,Duke,81
2014,5,1,Florida,53,7,Connecticut,63
2014,5,2,Wisconsin,73,8,Kentucky,74
2013,5,4,Michigan,61,4,Syracuse,56
2013,5,1,Louisville,72,9,Wichita State,68
2012,5,1,Kentucky,69,4,Louisville,61
2012,5,2,Ohio State,62,2,Kansas,64
2011,5,11,Virginia Commonwealth,62,8,Butler,70
2011,5,4,Kentucky,55,3,Connecticut,56
2010,5,5,Michigan State,50,5,Butler,52
2010,5,2,West Virginia,57,1,Duke,78
2009,5,2,Michigan State,82,1,Connecticut,73
2009,5,3,Villanova,69,1,North Carolina,83
2008,5,1,Memphis,78,1,UCLA,63
2008,5,1,North Carolina,66,1,Kansas,84
2007,5,2,Georgetown,60,1,Ohio State,67
2007,5,1,Florida,76,2,UCLA,66
2006,5,4,LSU,45,2,UCLA,59
2006,5,11,George Mason,58,3,Florida,73
2005,5,1,North Carolina,87,5,Michigan State,71
2005,5,1,Illinois,75,4,Louisville,58
2004,5,3,Georgia Tech,67,2,Oklahoma State,65
2004,5,1,Duke,78,2,Connecticut,79
2003,5,1,Texas,84,3,Syracuse,95
2003,5,3,Marquette,61,2,Kansas,94
2002,5,5,Indiana,73,2,Oklahoma,64
2002,5,1,Maryland,97,1,Kansas,88
2001,5,2,Arizona,80,1,Michigan State,61
2001,5,1,Duke,95,3,Maryland,84
2000,5,8,Wisconsin,41,1,Michigan State,53
2000,5,5,Florida,71,8,North Carolina,59
1999,5,1,Duke,68,1,Michigan State,62
1999,5,4,Ohio State,58,1,Connecticut,64
1998,5,3,Stanford,85,2,Kentucky,86
1998,5,1,North Carolina,59,3,Utah,65
1997,5,1,Kentucky,78,1,Minnesota,69
1997,5,1,North Carolina,58,4,Arizona,66
1996,5,1,Massachusetts,74,1,Kentucky,81
1996,5,5,Mississippi State,69,4,Syracuse,77
1995,5,4,Oklahoma State,61,1,UCLA,74
1995,5,2,Arkansas,75,2,North Carolina,68
1994,5,2,Arizona,82,1,Arkansas,91
1994,5,3,Florida,65,2,Duke,70
1993,5,1,North Carolina,78,2,Kansas,68
1993,5,1,Kentucky,78,1,Michigan,81
1992,5,4,Cincinnati,72,6,Michigan,76
1992,5,1,Duke,81,2,Indiana,78
1991,5,1,North Carolina,73,3,Kansas,79
1991,5,1,UNLV,77,2,Duke,79
1990,5,3,Duke,97,4,Arkansas,83
1990,5,4,Georgia Tech,81,1,UNLV,90
1989,5,1,Illinois,81,3,Michigan,83
1989,5,2,Duke,78,3,Seton Hall,95
1988,5,1,Arizona,78,1,Oklahoma,86
1988,5,6,Kansas,66,2,Duke,59
1987,5,1,UNLV,93,1,Indiana,97
1987,5,6,Providence,63,2,Syracuse,77
1986,5,11,LSU,77,2,Louisville,88
1986,5,1,Duke,71,1,Kansas,67
1985,5,1,St. John's,59,1,Georgetown,77
1985,5,2,Memphis,45,8,Villanova,52
2017,6,1,Gonzaga,65,1,North Carolina,71
2016,6,2,Villanova,77,1,North Carolina,74
2015,6,1,Wisconsin,63,1,Duke,68
2014,6,7,Connecticut,60,8,Kentucky,54
2013,6,1,Louisville,82,4,Michigan,76
2012,6,1,Kentucky,67,2,Kansas,59
2011,6,3,Connecticut,53,8,Butler,41
2010,6,5,Butler,59,1,Duke,61
2009,6,2,Michigan State,72,1,North Carolina,89
2008,6,1,Kansas,75,1,Memphis,68
2007,6,1,Florida,84,1,Ohio State,75
2006,6,2,UCLA,57,3,Florida,73
2005,6,1,Illinois,70,1,North Carolina,75
2004,6,3,Georgia Tech,73,2,Connecticut,82
2003,6,2,Kansas,78,3,Syracuse,81
2002,6,5,Indiana,52,1,Maryland,64
2001,6,2,Arizona,72,1,Duke,82
2000,6,1,Michigan State,89,5,Florida,76
1999,6,1,Duke,74,1,Connecticut,77
1998,6,3,Utah,69,2,Kentucky,78
1997,6,1,Kentucky,79,4,Arizona,84
1996,6,4,Syracuse,67,1,Kentucky,76
1995,6,2,Arkansas,78,1,UCLA,89
1994,6,1,Arkansas,76,2,Duke,72
1993,6,1,Michigan,71,1,North Carolina,77
1992,6,6,Michigan,51,1,Duke,71
1991,6,2,Duke,72,3,Kansas,65
1990,6,1,UNLV,103,3,Duke,73
1989,6,3,Michigan,80,3,Seton Hall,79
1988,6,6,Kansas,83,1,Oklahoma,79
1987,6,1,Indiana,74,2,Syracuse,73
1986,6,2,Louisville,72,1,Duke,69
1985,6,1,Georgetown,64,8,Villanova,66